;Title, http://www.gcdataconcepts.com, x16-1d, ADXL345
;Version, 1877, Build date, Jan  8 2020,  SN:CCDC4016ECDDBE3
;Start_time, 2022-11-16, 22:35:31.453
;Uptime, 4,sec,  Vbat, 1422, mv, EOL, 1100, mv
;SampleRate, 100,Hz
;Deadband, 0, counts
;DeadbandTimeout, 15.000,sec
;Time, Ax, Ay, Az
0.160952,41,-2427,-1350
0.170721,-22,-2611,-1115
0.180519,103,-2682,-933
0.190287,-25,-2781,-818
0.200287,-143,-2945,-481
0.210086,-6,-2925,-63
0.219854,182,-2786,48
0.229652,189,-2847,74
0.239421,37,-2764,298
0.249421,-2,-2641,687
0.259219,135,-2564,1082
0.268987,239,-2341,1139
0.278786,255,-2148,1032
0.288554,164,-1902,1194
0.298554,-9,-1932,1624
0.308352,112,-1900,1755
0.318120,360,-1183,1471
0.327919,253,-863,1628
0.337687,33,-1036,1972
0.347687,26,-758,1876
0.357486,144,-379,1801
0.367254,228,-131,1690
0.377052,319,-72,1594
0.386820,374,-59,1683
0.396820,232,480,1601
0.406619,-115,832,1681
0.416387,-240,651,1746
0.426186,155,640,1415
0.435954,466,812,1144
0.445954,196,1201,1026
0.455752,-183,1437,1099
0.465551,-72,1155,1171
0.475319,339,976,1028
0.485118,360,1531,737
0.495118,-159,2094,421
0.504886,-263,1398,599
0.514684,357,933,657
0.524452,358,1810,214
0.534251,-243,2167,160
0.544251,-186,1724,203
0.553681,180,1481,-18
0.563846,158,1456,-124
0.573614,-40,1778,-293
0.583412,-127,2008,-500
0.593180,14,1535,-399
0.603180,126,1319,-463
0.612979,-33,1715,-852
0.622747,-138,1724,-931
0.632546,-149,1414,-800
0.642314,-256,1462,-995
0.652314,-129,1458,-1209
0.662082,164,1115,-1143
0.671880,142,1123,-1270
0.681648,-124,1285,-1552
0.691447,-284,971,-1499
0.701447,-140,751,-1500
0.711215,14,778,-1750
0.721014,-81,649,-1750
0.730782,-175,512,-1725
0.740580,-174,380,-1900
0.750580,-81,208,-1973
0.760348,7,62,-1898
0.770147,-81,-129,-1982
0.779915,-167,-270,-2084
0.789713,-97,-424,-1932
0.799713,-43,-731,-2207
0.809482,-261,-849,-2359
0.819280,-202,-1011,-1768
0.829048,533,-624,-1113
0.838847,228,-1288,-1345
0.848847,-540,-2427,-2507
0.858615,-229,-1193,-2365
0.868413,-568,-1684,-1145
0.878181,-393,-2511,-1052
0.887980,485,-1841,-1659
0.897980,142,-2304,-1593
0.907748,-186,-2513,-1031
0.917547,-106,-2457,-686
0.927315,24,-2548,-579
0.937083,110,-2698,-572
0.947083,-40,-2743,-450
0.956881,-8,-2563,-81
0.966650,264,-2647,255
0.976448,205,-2700,285
0.986216,-34,-2500,310
0.996216,32,-2434,710
1.6015,148,-2448,1083
1.15783,166,-2182,1078
1.25581,230,-2090,1092
1.35349,224,-2006,1219
1.45349,14,-1656,1385
1.55148,-138,-1832,1762
1.64916,130,-1713,1723
1.74715,544,-872,1340
1.84483,505,-620,1526
1.94483,114,-897,1921
1.104281,-161,-841,2008
1.114049,-97,-461,1919
1.123848,199,-234,1837
1.133616,271,62,1712
1.143616,255,182,1674
1.153415,360,58,1753
1.163183,267,482,1653
1.172981,12,837,1646
1.182749,-204,740,1760
1.192749,-129,742,1631
1.202548,291,807,1385
1.212316,466,1040,1214
1.222115,91,1471,1155
1.231883,-170,1308,1292
1.241883,119,964,1298
1.251681,367,1389,939
1.261449,255,1656,769
1.271248,12,1576,844
1.281046,-299,1699,840
1.291046,-377,1637,807
1.300815,89,1567,637
1.310613,707,1594,385
1.320381,785,1567,285
1.330180,114,1953,135
1.340180,-563,2240,39
1.349948,-583,1714,312
1.359746,-172,1519,328
1.369515,214,2042,-92
1.379313,353,1967,-284
1.389313,339,1514,-347
1.399081,157,1696,-520
1.408880,-156,1962,-520
1.418648,-311,1830,-350
1.428446,-188,1726,-400
1.438446,44,1744,-715
1.448214,196,1635,-899
1.458013,146,1515,-904
1.467812,-193,1631,-936
1.477580,-468,1723,-1009
1.487580,-300,1510,-1077
1.497378,162,1239,-1108
1.507146,403,1235,-1225
1.516945,41,1440,-1441
1.526713,-459,1362,-1474
1.536713,-465,1035,-1390
1.546512,-95,1015,-1550
1.556280,278,1010,-1656
1.566078,282,733,-1541
1.575846,-231,682,-1731
1.585846,-634,719,-1961
1.595645,-388,562,-1875
1.605413,174,410,-1788
1.615212,353,251,-1795
1.624980,-58,117,-1932
1.634980,-490,24,-2023
1.644778,-392,-124,-2048
1.654577,-33,-300,-2027
1.664345,137,-392,-1863
1.674143,-38,-447,-1897
1.684143,-325,-1113,-2304
1.693911,162,-950,-2306
1.703372,478,-240,-1456
1.713199,-467,-1675,-1372
1.723363,-711,-1890,-2048
1.733131,-227,-818,-1802
1.742930,-467,-1838,-1497
1.752930,-454,-2457,-1841
1.762698,214,-1649,-1781
1.772497,305,-1516,-1120
1.782265,28,-1847,-641
1.792063,291,-2293,-936
1.802063,349,-2893,-1202
1.811831,12,-2464,-784
1.821630,-354,-2359,-542
1.831429,-377,-2754,-363
1.841197,166,-2470,-47
1.851197,449,-2372,-84
1.860965,212,-2552,-49
1.870763,-20,-2539,301
1.880531,-108,-2464,617
1.890330,32,-2345,873
1.900330,287,-2273,953
1.910098,244,-2190,792
1.919897,62,-1993,914
1.929665,48,-2059,1415
1.939463,130,-1907,1526
1.949463,171,-1500,1353
1.959231,180,-1615,1556
1.969030,262,-1413,1598
1.978798,385,-904,1455
1.988597,364,-888,1674
1.998597,189,-791,1821
2.8365,48,-715,1864
2.18163,-97,-545,1930
2.27931,-142,-275,1926
2.37730,178,-368,1921
2.47730,449,-4,1705
2.57498,332,453,1598
2.67296,260,164,1765
2.77065,174,171,1794
2.86863,-8,612,1765
2.96863,87,744,1765
2.106662,183,857,1656
2.116430,121,905,1539
2.126228,139,844,1485
2.135996,207,1008,1405
2.145996,194,1217,1344
2.155795,144,1271,1342
2.165563,116,1287,1285
2.175362,14,1389,1217
2.185130,41,1439,1162
2.195130,289,1471,1033
2.204928,332,1580,903
2.214696,157,1558,899
2.224495,30,1581,908
2.234294,-38,1751,823
2.244294,-83,1823,767
2.254062,-77,1817,699
2.263860,126,1740,583
2.273628,516,1601,492
2.283427,685,1603,416
2.293427,262,2028,248
2.303195,-400,2353,176
2.312994,-608,1819,460
2.322762,-170,1471,544
2.332560,444,1971,141
2.342560,549,2190,-127
2.352328,178,1912,-134
2.362127,-118,1799,-134
2.371895,-170,1903,-88
2.381693,-81,1983,-40
2.391693,-8,2031,-115
2.401462,32,2021,-299
2.411260,155,1803,-456
2.421028,176,1664,-500
2.430827,28,1903,-509
2.440827,-61,2085,-524
2.450595,-47,1872,-534
2.460393,8,1681,-638
2.470161,39,1739,-788
2.479960,16,1792,-802
2.489960,10,1792,-775
2.499759,66,1767,-847
2.509527,-63,1698,-963
2.519325,-325,1642,-1018
2.529093,-238,1624,-1009
2.539093,19,1655,-1104
2.549500,180,1542,-1206
2.558719,191,1335,-1154
2.568487,-183,1469,-1236
2.578285,-384,1635,-1422
2.588053,-136,1351,-1357
2.598053,10,1135,-1291
2.607852,-22,1290,-1497
2.617620,-63,1287,-1607
2.627419,-43,1058,-1522
2.637217,3,982,-1536
2.647217,-72,1015,-1654
2.656985,-209,990,-1727
2.666784,-233,848,-1722
2.676552,-188,687,-1747
2.686350,-127,658,-1840
2.696350,-8,598,-1843
2.706119,80,448,-1757
2.715917,8,382,-1807
2.725685,-208,298,-2031
2.735484,-325,182,-2020
2.745484,-177,89,-1832
2.755282,30,-45,-1975
2.765050,8,-140,-2040
2.774849,-202,-240,-1877
2.784617,-342,-425,-2034
2.794617,-231,-547,-2097
2.804416,48,-615,-1848
2.814184,164,-713,-1729
2.823982,-8,-940,-1840
2.833750,-267,-1109,-2022
2.843750,-454,-1159,-1931
2.853549,-308,-1520,-1790
2.863317,17,-1468,-1645
2.873116,191,-1263,-1372
2.882884,176,-1791,-1491
2.892884,-156,-1991,-1625
2.902682,-336,-1984,-1407
2.912450,-259,-1997,-1133
2.922249,-2,-1982,-984
2.932017,219,-2425,-984
2.942017,-86,-2484,-783
2.951816,-217,-2277,-624
2.961584,-18,-2373,-608
2.971382,-6,-2400,-379
2.981150,123,-2273,-74
2.991150,364,-2341,24
3.949,151,-2531,-6
3.10717,-124,-2425,149
3.20515,46,-2298,537
3.30284,198,-2384,840
3.40284,98,-2320,765
3.50082,10,-2093,682
3.59881,78,-2123,1014
3.69649,182,-2025,1267
3.79447,162,-1756,1231
3.89447,98,-1841,1358
3.99215,49,-1686,1428
3.109014,44,-1481,1512
3.118782,214,-1445,1715
3.128581,469,-924,1539
3.138581,430,-675,1548
3.148349,-92,-924,1946
3.158147,-363,-1022,2058
3.167946,99,-838,1931
3.177714,551,-224,1685
3.187714,442,210,1573
3.197513,48,-213,1926
3.207281,-152,-415,2112
3.217079,-49,196,1839
3.226847,235,442,1746
3.236847,487,396,1730
3.246646,399,580,1621
3.256414,126,566,1730
3.266213,-22,646,1765
3.275981,-86,926,1669
3.285981,-86,955,1674
3.295779,169,923,1526
3.305547,455,1037,1340
3.315346,330,1207,1344
3.325144,28,1312,1385
3.335144,-77,1271,1406
3.344912,-40,1323,1308
3.354711,-20,1508,1174
3.364479,116,1514,1115
3.374278,410,1428,1019
3.384278,430,1578,899
3.394046,10,1796,860
3.403844,-395,1669,980
3.413612,-204,1496,1010
3.423411,430,1646,773
3.433411,526,1919,569
3.443179,-40,2037,566
3.452978,-313,1801,671
3.462746,-4,1594,644
3.472544,503,1706,471
3.482544,649,1885,353
3.492312,49,2210,223
3.502111,-547,2183,257
3.511879,-363,1621,492
3.521678,146,1656,366
3.531678,366,2165,-15
3.541446,233,2142,-81
3.550906,-49,1844,16
3.561071,-142,1794,16
3.570869,23,1915,-33
3.580638,142,2039,-133
3.590638,57,2058,-227
3.600436,-149,1978,-277
3.610204,-238,1869,-299
3.620003,-33,1824,-297
3.629771,217,1903,-372
3.639771,194,1974,-490
3.649569,-11,1928,-556
3.659338,-165,1842,-616
3.669136,-149,1798,-627
3.678904,-25,1842,-622
3.688904,64,1889,-727
3.698703,55,1801,-831
3.708471,-65,1678,-836
3.718269,-92,1680,-859
3.728037,-2,1737,-950
3.738037,-100,1705,-1008
3.747836,-236,1664,-1075
3.757604,-181,1642,-1161
3.767403,-84,1508,-1150
3.777201,108,1389,-1111
3.787201,276,1458,-1172
3.796969,-29,1603,-1372
3.806768,-486,1521,-1472
3.816536,-452,1208,-1318
3.826335,-143,1160,-1309
3.836335,126,1390,-1554
3.846103,307,1292,-1618
3.855901,137,949,-1475
3.865669,-325,937,-1534
3.875468,-547,1112,-1761
3.885468,-359,1001,-1747
3.895236,-47,789,-1647
3.905035,114,764,-1811
3.914833,51,617,-1847
3.924601,-140,498,-1643
3.934601,-302,528,-1766
3.944400,-174,417,-2165
3.954168,-40,385,-2132
3.963966,-174,189,-1624
3.973734,-72,-58,-1656
3.983734,41,39,-2191
3.993533,-181,-33,-2229
4.3301,-184,-295,-1948
4.13100,-158,-359,-1829
4.22868,-333,-484,-1940
4.32868,-186,-672,-2157
4.42666,126,-593,-1913
4.52465,214,-750,-1574
4.62233,-88,-1133,-1963
4.72032,-509,-1138,-2109
4.82032,-447,-1243,-1688
4.91800,-102,-1570,-1734
4.101598,185,-1450,-1775
4.111366,294,-1254,-1379
4.121165,55,-1816,-1377
4.131165,-258,-2152,-1570
4.140963,-442,-1815,-1277
4.150732,-367,-2131,-1106
4.160530,41,-2366,-1174
4.170298,273,-1948,-925
4.180298,173,-2032,-656
4.190097,41,-2398,-627
4.199865,-70,-2506,-543
4.209663,-143,-2486,-333
4.219462,-127,-2445,-145
4.229462,58,-2340,41
4.239230,296,-2315,185
4.249029,235,-2482,224
4.258797,-27,-2409,298
4.268595,-117,-2231,553
4.278595,89,-2213,953
4.288363,210,-2243,1099
4.298162,87,-2097,858
4.307930,87,-1906,940
4.317729,182,-1936,1340
4.327729,192,-1704,1331
4.337527,128,-1479,1310
4.347295,-27,-1595,1596
4.357094,-111,-1513,1728
4.366862,132,-1357,1758
4.376862,441,-956,1621
4.386660,446,-484,1430
4.396429,285,-843,1751
4.406227,62,-947,2028
4.415995,-58,-336,1894
4.425995,42,-256,1926
4.435794,112,-250,1937
4.445592,274,32,1694
4.455360,416,-50,1733
4.465159,149,66,1910
4.475159,-70,523,1819
4.484927,85,342,1876
4.494726,253,312,1819
4.504494,353,844,1508
4.514292,389,751,1599
4.524292,126,714,1744
4.534091,-284,1103,1669
4.543859,-247,964,1699
4.553658,333,794,1517
4.563426,676,1132,1203
4.573426,374,1462,1239
4.583224,-2,1381,1421
4.592992,-52,1162,1437
4.602791,-74,1267,1276
4.612559,-172,1465,1173
4.622559,14,1512,1235
4.632358,416,1560,1155
4.642126,566,1601,948
4.651924,246,1685,907
4.661723,-231,1705,969
4.671723,-286,1521,1037
4.681491,121,1544,980
4.691289,455,1862,735
4.701057,341,1980,628
4.710856,-6,1808,746
4.720856,-229,1719,776
4.730624,-184,1799,676
4.740423,155,1885,574
4.750191,474,1922,473
4.759989,485,1837,428
4.769989,221,1773,457
4.779757,-161,1960,458
4.789556,-277,2076,446
4.799355,-59,1965,444
4.809123,130,1947,333
4.819123,212,1978,169
4.828921,182,1930,116
4.838689,17,1962,148
4.848488,-143,2031,187
4.858256,-149,2026,185
4.868256,62,2006,121
4.878055,244,2010,-6
4.887823,210,1967,-109
4.897621,35,1940,-86
4.907389,-158,2012,-22
4.917389,-190,2051,-36
4.927188,-33,2031,-97
4.936986,192,2005,-174
4.946754,262,1955,-259
4.956553,32,1990,-286
4.966553,-184,2042,-240
4.976321,-108,1989,-231
4.986120,60,1976,-304
4.995888,110,1997,-390
5.5686,62,1944,-452
5.15686,-70,1926,-474
5.25454,-127,1965,-454
5.35253,3,1962,-461
5.45021,98,1944,-509
5.54820,53,1939,-568
5.64820,-11,1917,-606
5.74588,-43,1905,-615
5.84386,-52,1928,-633
5.94154,-18,1921,-666
5.103953,37,1865,-697
5.113953,-18,1853,-747
5.123721,-124,1867,-772
5.133520,-111,1846,-763
5.143318,7,1812,-781
5.153086,116,1764,-790
5.163086,107,1783,-840
5.172885,-52,1853,-954
5.182653,-213,1801,-977
5.192452,-199,1678,-938
5.202220,-90,1694,-968
5.212220,-42,1765,-1040
5.222018,-13,1703,-1079
5.231786,21,1615,-1081
5.241585,-45,1615,-1115
5.251353,-145,1621,-1170
5.261353,-104,1606,-1200
5.271151,30,1562,-1208
5.280920,89,1469,-1179
5.290718,-15,1481,-1206
5.300486,-225,1583,-1336
5.310486,-322,1537,-1375
5.320285,-181,1399,-1318
5.330053,-40,1385,-1366
5.339851,-25,1408,-1443
5.349650,-11,1356,-1424
5.359650,19,1276,-1429
5.369418,-9,1230,-1477
5.379217,-120,1251,-1527
5.388985,-238,1244,-1625
5.398783,-177,1115,-1624
5.408783,-6,1026,-1591
5.418551,5,1044,-1670
5.428350,-38,980,-1634
5.438118,-38,940,-1616
5.447917,-233,1012,-1804
5.457917,-372,898,-1861
5.467685,-129,696,-1800
5.477483,112,657,-1824
5.487251,49,630,-1782
5.497050,-213,598,-1757
5.507050,-354,607,-1857
5.516818,-150,455,-1943
5.526617,-33,317,-2000
5.536385,-159,351,-1954
5.545845,-127,248,-1815
5.556010,-83,116,-1909
5.566010,-142,78,-2077
5.575808,-124,0,-2013
5.585577,-145,-129,-1936
5.595375,-197,-227,-1947
5.605143,-129,-261,-1909
5.615143,-9,-374,-1929
5.624942,-122,-495,-2034
5.634710,-343,-615,-2007
5.644508,-150,-749,-1915
5.654307,158,-727,-1854
5.664307,57,-866,-1790
5.674075,-204,-1125,-1857
5.683874,-365,-1174,-1927
5.693642,-390,-1227,-1757
5.703440,-193,-1391,-1611
5.713440,24,-1554,-1652
5.723208,114,-1495,-1604
5.733007,164,-1425,-1424
5.742775,17,-1766,-1306
5.752574,-186,-2057,-1266
5.762574,-224,-2047,-1241
5.772342,-211,-1990,-1140
5.782140,-165,-2032,-979
5.791908,-118,-2247,-891
5.801707,24,-2215,-754
5.811707,235,-2007,-527
5.821505,178,-2229,-452
5.831274,-43,-2552,-445
5.841072,-129,-2454,-245
5.850840,-145,-2275,7
5.860840,-145,-2345,114
5.870639,71,-2270,196
5.880407,267,-2256,312
5.890205,141,-2397,396
5.899973,10,-2190,541
5.909973,-59,-2063,769
5.919772,-81,-2079,919
5.929540,110,-1993,964
5.939339,296,-2079,1073
5.949137,294,-1815,989
5.959137,187,-1574,987
5.968905,-9,-1997,1517
5.978704,-161,-1718,1576
5.988472,-20,-1306,1415
5.998271,314,-1549,1653
6.8271,473,-1016,1426
6.18039,333,-697,1380
6.27837,8,-1304,1960
6.37605,-234,-1004,1908
6.47404,-68,-593,1712
6.57404,341,-965,1960
6.67172,555,-384,1656
6.76971,294,121,1580
6.86739,-134,-572,2178
6.96537,-125,-486,2047
6.106537,155,49,1671
6.116305,351,-95,1801
6.126104,403,105,1783
6.135902,207,403,1824
6.145671,-47,266,2062
6.155671,-84,387,1899
6.165469,126,389,1655
6.175237,457,166,1665
6.185036,414,607,1630
6.194804,-34,1005,1780
6.204804,-170,705,2019
6.214602,160,612,1773
6.224370,442,812,1401
6.234169,330,878,1449
6.243937,-42,958,1735
6.253937,-186,1023,1844
6.263736,58,1049,1644
6.273504,305,1112,1398
6.283302,269,1094,1394
6.293070,51,1064,1555
6.303070,-61,1153,1614
6.312869,64,1215,1526
6.322637,232,1223,1419
6.332436,239,1285,1362
6.342204,103,1346,1389
6.352204,23,1340,1426
6.362002,82,1331,1378
6.371770,160,1346,1314
6.381569,171,1356,1306
6.391368,126,1381,1333
6.401368,67,1415,1348
6.411136,78,1414,1324
6.420934,133,1385,1294
6.430702,141,1362,1255
6.440501,110,1389,1212
6.450501,74,1408,1226
6.460269,46,1408,1249
6.470067,60,1585,1215
6.479866,103,1755,1223
6.489634,110,1658,1224
6.499634,98,1626,1123
6.509433,107,1662,1087
6.519201,112,1556,1158
6.528999,83,1512,1199
6.538767,60,1556,1182
6.548767,74,1564,1146
6.558566,87,1562,1142
6.568365,94,1558,1176
6.578133,121,1560,1185
6.587931,119,1573,1151
6.597931,76,1551,1153
6.607699,64,1506,1190
6.617498,92,1478,1189
6.627266,94,1480,1189
6.637065,98,1506,1219
6.647065,116,1465,1224
6.656833,108,1421,1248
6.666631,116,1499,1267
6.676430,114,1546,1278
6.686198,94,1480,1323
6.696198,99,1449,1321
6.705996,92,1458,1289
6.715765,87,1394,1317
6.725563,119,1289,1394
6.735331,137,1269,1426
6.745331,91,1315,1419
6.755130,51,1303,1485
6.764898,74,1201,1562
6.774696,117,1107,1540
6.784495,207,1048,1480
6.794495,319,989,1483
6.804263,255,1040,1571
6.814062,21,1096,1719
6.823830,-74,914,1810
6.833628,87,646,1721
6.843628,344,521,1574
6.853396,416,662,1558
6.863195,149,914,1756
6.872994,-109,782,2026
6.882762,32,296,2040
6.892762,362,62,1760
6.902560,403,257,1574
6.912359,144,480,1764
6.922127,21,260,2149
6.931925,105,-104,2160
6.941925,194,-149,1774
6.951693,264,-272,1810
6.961492,235,-331,1987
6.971291,235,-211,1851
6.981059,248,-375,1876
6.991059,66,-508,1828
7.857,33,-800,1915
7.10625,235,-1138,2081
7.20424,351,-922,1660
7.30192,349,-829,1460
7.40192,205,-965,1621
7.49991,51,-1208,1771
7.59789,21,-1486,1851
7.69557,69,-1349,1448
7.79356,228,-1507,1326
7.89356,253,-1684,1314
7.99124,121,-1502,924
7.108922,133,-1913,1115
7.118691,157,-1841,1069
7.128489,51,-1620,567
7.138489,-36,-2220,771
7.148288,73,-1754,610
7.158056,-65,-2395,151
7.167854,-268,-3502,5
7.177622,92,-2109,-433
7.187622,249,-1981,-259
7.197421,24,-2659,16
7.207189,-92,-2184,-299
7.216988,-92,-2148,-411
7.226786,-17,-2307,-488
7.236786,5,-2209,-638
7.246554,-50,-2141,-738
7.256353,-84,-2091,-809
7.266121,-63,-2004,-863
7.275920,-24,-1979,-977
7.285920,60,-1816,-1020
7.295718,82,-1700,-1129
7.305486,19,-1827,-1349
7.315285,-42,-1741,-1338
7.325053,-177,-1666,-1320
7.335053,-275,-1686,-1491
7.344851,-238,-1482,-1577
7.354619,-117,-1395,-1557
7.364418,17,-1361,-1524
7.374217,46,-1159,-1538
7.384217,0,-1109,-1709
7.393985,-68,-1100,-1809
7.403783,-100,-1015,-1695
7.413551,-93,-1011,-1749
7.423350,-190,-947,-1861
7.433350,-299,-863,-1791
7.443149,-177,-768,-1843
7.452917,-6,-640,-1938
7.462715,-100,-645,-1911
7.472483,-229,-640,-1856
7.482483,-102,-527,-1843
7.492282,58,-434,-1911
7.502050,-2,-413,-1934
7.511848,-165,-392,-1934
7.521617,-231,-343,-1972
7.531617,-229,-283,-1961
7.541415,-208,-220,-1941
7.550845,-170,-195,-1954
7.561010,-140,-188,-1950
7.570808,-65,-147,-1920
7.580607,8,-97,-1916
7.590607,-47,-90,-1948
7.600375,-168,-86,-1982
7.610174,-243,-49,-1990
7.619942,-225,-15,-1968
7.629740,-136,-8,-1950
7.639740,-79,7,-1945
7.649508,-84,32,-1927
7.659307,-102,41,-1938
7.669075,-129,42,-1959
7.678874,-165,48,-1968
7.688874,-179,46,-1973
7.698642,-150,41,-1954
7.708440,-118,42,-1945
7.718208,-104,60,-1945
7.728007,-111,46,-1936
7.738007,-134,16,-1954
7.747775,-156,10,-1968
7.757574,-163,-2,-1963
7.767342,-131,-6,-1945
7.777140,-102,-15,-1954
7.787140,-120,-45,-1979
7.796908,-159,-63,-1982
7.806707,-186,-81,-1979
7.816475,-165,-92,-1966
7.826274,-106,-117,-1965
7.836274,-72,-150,-1957
7.846042,-90,-161,-1938
7.855840,-102,-190,-1931
7.865608,-111,-233,-1911
7.875407,-175,-265,-1950
7.885407,-249,-309,-1993
7.895175,-274,-365,-1963
7.904973,-190,-399,-1966
7.914772,-27,-417,-1904
7.924540,14,-463,-1843
7.934540,-106,-527,-1918
7.944339,-150,-588,-1909
7.954107,-34,-633,-1857
7.963905,-52,-683,-1879
7.973673,-229,-790,-1886
7.983673,-272,-847,-1875
7.993472,-184,-852,-1848
8.3271,-67,-927,-1797
8.13039,-109,-979,-1770
8.22837,-243,-1043,-1745
8.32837,-133,-1184,-1716
8.42605,-27,-1195,-1684
8.52404,-38,-1179,-1613
8.62172,32,-1349,-1615
8.71971,-33,-1425,-1600
8.81971,-136,-1422,-1486
8.91769,-59,-1579,-1497
8.101537,-134,-1625,-1477
8.111336,-283,-1641,-1291
8.121104,-147,-1848,-1265
8.131104,17,-1813,-1277
8.140902,-17,-1722,-1136
8.150671,-38,-1916,-1063
8.160469,-2,-1972,-1013
8.170237,-36,-1990,-883
8.180237,-13,-1997,-788
8.190036,51,-1972,-759
8.199804,37,-2136,-699
8.209602,-38,-2243,-588
8.219370,-174,-2252,-468
8.229370,-190,-2227,-336
8.239169,-11,-2166,-275
8.248968,178,-2186,-242
8.258736,191,-2229,-113
8.268534,51,-2209,33
8.278534,-95,-2227,110
8.288302,-134,-2243,212
8.298101,28,-2156,360
8.307869,139,-2175,419
8.317668,23,-2265,417
8.327668,3,-2109,551
8.337436,117,-1920,739
8.347234,85,-1991,748
8.357033,32,-2007,751
8.366801,82,-1840,862
8.376801,128,-1888,965
8.386599,162,-1947,1085
8.396368,139,-1677,1110
8.406166,32,-1647,1108
8.415934,-11,-1879,1290
8.425934,62,-1774,1406
8.435733,128,-1416,1303
8.445501,164,-1277,1296
8.455299,171,-1507,1492
8.465098,117,-1602,1528
8.475098,69,-1331,1387
8.484866,117,-1275,1526
8.494665,146,-1252,1615
8.504433,124,-915,1499
8.514231,214,-675,1746
8.524231,216,-252,1871
8.533999,58,364,1867
8.543798,74,442,2130
8.553566,257,151,1974
8.563365,412,-218,1714
8.573365,389,-479,1781
8.583133,144,-322,1799
8.592931,-52,-36,1949
8.602699,5,167,2140
8.612498,255,341,1969
8.622498,383,410,1689
8.632296,237,291,1712
8.642065,101,78,1922
8.651863,91,128,1987
8.661631,151,423,1865
8.671631,216,601,1749
8.681430,216,544,1787
8.691198,182,416,1862
8.700996,151,423,1819
8.710795,148,514,1781
8.720795,166,567,1821
8.730563,194,591,1842
8.740362,214,608,1796
8.750130,187,623,1746
8.759928,135,607,1783
8.769928,121,585,1842
8.779696,166,621,1808
8.789495,203,696,1724
8.799263,187,705,1723
8.809062,164,660,1785
8.819062,155,651,1794
8.828830,166,669,1767
8.838628,174,689,1753
8.848396,173,687,1760
8.858195,171,671,1792
8.868195,160,642,1803
8.877963,164,619,1774
8.887762,180,617,1771
8.897530,171,608,1798
8.907298,153,605,1810
8.917298,157,580,1819
8.927096,182,542,1810
8.936864,201,530,1789
8.946663,180,532,1806
8.956431,157,521,1840
8.966431,157,469,1842
8.976230,162,442,1835
8.985998,176,439,1846
8.995796,182,398,1853
9.5595,171,367,1842
9.15595,192,316,1867
9.25363,221,260,1887
9.35161,203,269,1847
9.44930,146,223,1880
9.54728,121,76,1958
9.64728,166,14,1935
9.74496,199,83,1847
9.84295,201,26,1872
9.94063,201,-120,1985
9.103861,183,-125,1956
9.113861,201,-161,1867
9.123629,258,-284,1842
9.133428,241,-317,1842
9.143227,108,-317,1889
9.152995,17,-436,1999
9.162995,116,-622,2019
9.172793,307,-629,1808
9.182561,373,-527,1637
9.192360,224,-558,1721
9.202128,74,-765,1926
9.212128,108,-1004,1997
9.221927,182,-979,1733
9.231725,223,-890,1506
9.241493,228,-1031,1631
9.251292,146,-1134,1733
9.261292,98,-1234,1748
9.271060,110,-1286,1637
9.280858,130,-1216,1398
9.290627,185,-1422,1455
9.300425,189,-1579,1492
9.310425,119,-1454,1260
9.320224,98,-1568,1262
9.329992,121,-1734,1299
9.339790,155,-1657,1108
9.349558,196,-1586,926
9.359558,117,-1716,864
9.369357,-22,-1897,955
9.379125,-27,-2063,998
9.388924,76,-1902,732
9.398692,260,-1075,180
9.408692,-15,-2373,233
9.418490,-429,-3855,348
9.428289,-4,-2109,-431
9.438057,305,-1809,-392
9.447856,92,-2554,180
9.457856,-34,-2070,-27
9.467624,-79,-2165,-231
9.477422,-52,-2275,-274
9.487190,-58,-2125,-377
9.496989,-15,-2109,-379
9.506989,76,-2095,-475
9.516757,5,-2118,-650
9.526556,-90,-2079,-641
9.536354,-84,-2031,-663
9.545784,-88,-2059,-781
9.555949,-75,-2006,-815
9.565949,-29,-1936,-845
9.575747,30,-1831,-916
9.585515,73,-1765,-1013
9.595314,78,-1765,-1072
9.605082,24,-1731,-1100
9.615082,-77,-1809,-1197
9.624881,-156,-1816,-1225
9.634649,-292,-1715,-1234
9.644447,-306,-1695,-1334
9.654215,-34,-1584,-1281
9.664215,166,-1422,-1215
9.674014,105,-1466,-1391
9.683782,-106,-1577,-1522
9.693581,-293,-1520,-1449
9.703349,-315,-1450,-1447
9.713349,-163,-1440,-1556
9.723147,35,-1336,-1540
9.732915,103,-1232,-1463
9.742714,46,-1224,-1527
9.752482,-63,-1243,-1656
9.762482,-209,-1263,-1652
9.772281,-293,-1265,-1618
9.782049,-184,-1220,-1656
9.791847,-17,-1149,-1661
9.801615,30,-1084,-1631
9.811615,7,-1081,-1624
9.821414,-75,-1141,-1663
9.831182,-186,-1154,-1709
9.840981,-231,-1111,-1716
9.850749,-179,-1104,-1693
9.860749,-75,-1084,-1675
9.870547,3,-1045,-1666
9.880315,-18,-1066,-1665
9.890114,-111,-1093,-1684
9.899882,-183,-1097,-1695
9.909882,-172,-1111,-1693
9.919650,-92,-1090,-1702
9.929449,-36,-1068,-1697
9.939217,-49,-1086,-1674
9.949015,-93,-1108,-1665
9.959015,-142,-1131,-1681
9.968783,-129,-1152,-1681
9.978582,-95,-1161,-1645
9.988350,-81,-1172,-1627
9.998149,-49,-1186,-1620
10.8149,-59,-1208,-1599
10.17917,-124,-1240,-1600
10.27715,-143,-1281,-1599
10.37483,-124,-1325,-1586
10.47282,-111,-1350,-1565
10.57282,-75,-1361,-1524
10.67050,-27,-1368,-1497
10.76848,-4,-1391,-1474
10.86617,-43,-1456,-1466
10.96415,-140,-1522,-1463
10.106415,-206,-1565,-1420
10.116214,-190,-1568,-1382
10.125982,-97,-1552,-1352
10.135780,-17,-1561,-1295
10.145548,-11,-1629,-1250
10.155548,-20,-1695,-1240
10.165347,-31,-1695,-1218
10.175115,-49,-1734,-1166
10.184914,-86,-1820,-1120
10.194682,-165,-1882,-1090
10.204682,-154,-1877,-1031
10.214480,-65,-1886,-981
10.224248,-20,-1923,-947
10.234047,30,-1890,-874
10.243815,99,-1865,-768
10.253815,114,-1879,-695
10.263614,48,-1997,-693
10.273382,-63,-2138,-709
10.283180,-168,-2113,-686
10.292948,-208,-2100,-558
10.302948,-58,-2143,-409
10.312747,151,-2072,-379
10.322515,124,-2038,-352
10.332314,-2,-2136,-311
10.342082,-11,-2200,-292
10.352082,-27,-2177,-190
10.361880,-93,-2170,-61
10.371648,-27,-2152,24
10.381447,137,-2050,91
10.391215,137,-2106,62
10.401215,12,-2206,69
10.411014,-45,-2129,224
10.420782,0,-2084,337
10.430580,82,-2107,371
10.440348,67,-2100,380
10.450348,-22,-2082,407
10.460147,-25,-2118,544
10.469915,128,-2029,705
10.479713,242,-1856,664
10.489482,151,-1920,548
10.499482,1,-2006,665
10.509280,-93,-1956,864
10.519048,-36,-1947,960
10.528847,148,-1884,1001
10.538615,226,-1770,867
10.548615,237,-1663,712
10.558413,219,-1777,921
10.568181,92,-1941,1230
10.577980,-27,-1724,1187
10.587748,-65,-1634,1121
10.597748,-22,-1766,1212
10.607547,119,-1734,1242
10.617315,283,-1529,1149
10.627113,303,-1354,1112
10.636881,105,-1540,1342
10.646881,-97,-1718,1467
10.656680,-70,-1620,1373
10.666448,126,-1595,1378
10.676247,292,-1402,1339
10.686015,271,-1120,1296
10.696015,117,-1254,1473
10.705813,37,-1422,1710
10.715581,89,-1088,1746
10.725380,194,-565,1630
10.735148,251,-452,1710
10.745148,242,-495,1853
10.754947,192,-445,1828
10.764715,139,-586,1824
10.774513,130,-797,1826
10.784312,160,-924,1787
10.794312,198,-922,1753
10.804080,192,-802,1735
10.813879,153,-686,1789
10.823647,142,-570,1867
10.833445,158,-472,1881
10.843445,187,-434,1849
10.853213,189,-483,1824
10.863012,160,-599,1821
10.872780,157,-668,1840
10.882578,153,-649,1849
10.892578,153,-574,1833
10.902347,178,-506,1844
10.912145,198,-479,1862
10.921913,187,-486,1855
10.931712,169,-524,1851
10.941712,164,-579,1856
10.951510,171,-604,1847
10.961278,183,-606,1830
10.971077,171,-600,1821
10.980845,162,-581,1846
10.990845,176,-575,1864
11.644,183,-600,1831
11.10412,185,-636,1812
11.20210,176,-672,1821
11.29978,162,-708,1831
11.39978,164,-724,1823
11.49777,173,-720,1796
11.59545,178,-716,1798
11.69344,169,-724,1787
11.79142,164,-770,1776
11.89142,169,-841,1789
11.98910,169,-875,1769
11.108709,164,-881,1756
11.118477,146,-916,1756
11.128275,151,-943,1733
11.138275,180,-936,1696
11.148044,199,-961,1662
11.157842,189,-1006,1649
11.167610,121,-1029,1653
11.177409,92,-1088,1687
11.187409,148,-1158,1696
11.197177,183,-1149,1621
11.206975,173,-1138,1530
11.216744,155,-1227,1531
11.226542,128,-1325,1574
11.236542,108,-1325,1517
11.246310,146,-1322,1444
11.256109,183,-1356,1428
11.265907,153,-1395,1421
11.275675,119,-1482,1451
11.285675,117,-1490,1398
11.295474,110,-1470,1298
11.305242,108,-1543,1283
11.315041,87,-1570,1240
11.324809,55,-1656,1249
11.334809,103,-1749,1273
11.344607,207,-1615,1078
11.354375,242,-1570,924
11.364174,137,-1720,989
11.373942,-17,-1790,1021
11.383942,-61,-1806,996
11.393741,42,-1741,930
11.403509,99,-1840,796
11.413307,107,-1711,626
11.423075,164,-1679,530
11.433075,-6,-2814,501
11.442874,-45,-2727,60
11.452642,94,-1806,-102
11.462441,-90,-2177,498
11.472209,-181,-2250,671
11.482209,3,-1986,316
11.492007,198,-2007,58
11.501775,226,-2086,-20
11.511574,17,-2165,32
11.521342,-167,-2127,108
11.531342,-154,-2125,76
11.541140,-67,-2148,10
11.550570,98,-2065,-42
11.560735,198,-2056,-183
11.570534,62,-2145,-220
11.580302,-84,-2154,-168
11.590302,-140,-2131,-243
11.600100,-86,-2134,-292
11.609869,71,-2022,-277
11.619667,139,-1959,-397
11.629435,49,-2111,-490
11.639435,-99,-2152,-447
11.649234,-167,-2075,-490
11.659002,-75,-2066,-550
11.668800,42,-2029,-550
11.678568,37,-1986,-608
11.688568,-9,-1991,-654
11.698367,-15,-1998,-658
11.708135,-43,-1982,-695
11.717934,-92,-1982,-733
11.727702,-72,-2007,-756
11.737702,-17,-1966,-784
11.747500,-4,-1922,-766
11.757299,5,-1909,-772
11.767067,28,-1852,-866
11.776866,8,-1845,-906
11.786866,-27,-1902,-881
11.796634,-45,-1898,-909
11.806432,-63,-1879,-943
11.816200,-75,-1870,-943
11.825999,-72,-1841,-963
11.835999,-50,-1829,-984
11.845797,-11,-1816,-984
11.855566,14,-1777,-970
11.865364,5,-1770,-990
11.875132,-22,-1788,-1054
11.885132,-50,-1791,-1065
11.894931,-63,-1802,-1038
11.904699,-72,-1800,-1047
11.914497,-61,-1774,-1047
11.924265,-25,-1766,-1034
11.934265,5,-1790,-1029
11.944064,37,-1824,-977
11.953863,24,-1893,-947
11.963631,-38,-1979,-943
11.973429,-13,-2045,-800
11.983429,8,-2000,-800
11.993197,-93,-1986,-1141
12.2996,-124,-1984,-1084
12.12764,-92,-1620,-881
12.22563,-188,-1390,-1456
12.32563,-222,-1556,-1615
12.42331,-61,-1709,-1093
12.52129,55,-1856,-1061
12.61897,103,-1795,-1084
12.71696,10,-1650,-1134
12.81696,-115,-1700,-1224
12.91494,366,-2129,-531
12.101263,1032,-3191,378
12.111061,973,-3629,312
12.120829,583,-2956,-127
12.130829,287,-2514,-154
12.140628,-65,-2254,-400
12.150396,-340,-1906,-729
12.160194,-393,-1900,-656
12.169963,-333,-1972,-611
12.179963,-224,-1945,-684
12.189761,-70,-2016,-688
12.199529,51,-2068,-811
12.209328,67,-1975,-1002
12.219126,17,-1840,-941
12.229126,-18,-1747,-829
12.238894,3,-1799,-936
12.248693,10,-1961,-1050
12.258461,-163,-2016,-1150
12.268260,-440,-1841,-1322
12.278260,-608,-1615,-1497
12.288028,-595,-1568,-1627
12.297826,-415,-1590,-1649
12.307594,-200,-1520,-1693
12.317393,-90,-1432,-1722
12.327393,-90,-1343,-1481
12.337161,-100,-1215,-1225
12.346960,-65,-999,-1204
12.356728,73,-933,-1113
12.366526,298,-422,-799
12.376526,335,-261,-813
12.386325,489,-1179,-588
12.396093,399,880,-252
12.405891,196,-2481,-1084
12.415660,1458,-9453,-1190
12.425660,1458,-2438,-1741
12.435458,-627,2774,-1459
12.445226,-706,-2370,1614
12.455025,-99,-4157,712
12.464793,-352,-3480,-2232
12.474793,-220,-2211,-1650
12.484591,-449,-1702,-570
12.494359,-447,-2261,-636
12.504158,174,-2216,-600
12.513926,335,-2300,-459
12.523926,58,-2391,-508
12.533725,-202,-2575,-452
12.543523,-111,-2748,-202
12.553291,199,-2939,141
12.563090,246,-2972,276
12.573090,16,-2820,246
12.582858,141,-2779,714
12.592657,341,-2418,1339
12.602425,-17,-2265,1480
12.612223,-167,-2316,1467
12.622223,142,-2111,1362
12.632022,339,-1788,1157
12.641790,207,-1434,1190
12.651588,-6,-1313,1351
12.661357,23,-752,1317
12.671357,35,1256,1414
12.681155,133,2512,1931
12.690923,255,1599,1889
12.700722,369,614,1264
12.710490,583,117,1305
12.720490,128,653,1199
12.730288,-431,1705,933
12.740056,-442,1874,1167
12.749855,-161,1614,980
12.759623,323,1208,721
12.769623,276,1374,369
12.779422,183,1553,123
12.789190,199,1515,160
12.798988,-61,1885,-181
12.808756,189,1740,-156
12.818756,230,1526,-143
12.828555,-368,1642,-479
12.838323,-542,1548,-534
12.848122,-342,1569,-556
12.857890,-79,1605,-768
12.867890,274,1271,-858
12.877688,339,1157,-890
12.887456,183,1405,-1268
12.897255,26,1440,-1450
12.907054,-363,1360,-1309
12.917054,-688,1264,-1241
12.926822,-452,965,-1099
12.936590,8,962,-1232
12.946388,305,973,-1479
12.956187,278,926,-1524
12.966187,-99,1305,-1590
12.975955,-418,-406,-1145
12.985754,-343,-1291,-1506
12.995522,-220,1196,-2677
13.5320,-117,874,-2081
13.15320,71,-656,-1315
13.25088,-133,-125,-1722
13.34887,-193,-245,-2129
13.44655,-27,-483,-2306
13.54423,-170,-545,-2047
13.64423,-236,-974,-1865
13.74222,-165,-1152,-1941
13.84020,1,-1211,-1895
13.93788,8,-1495,-1865
13.103587,-240,-1793,-1804
13.113587,-261,-1913,-1729
13.123355,-84,-2072,-1663
13.133153,14,-2200,-1463
13.142921,-31,-2381,-1208
13.152720,-17,-2448,-975
13.162720,62,-2493,-781
13.172488,24,-2807,-627
13.182287,-31,-2922,-434
13.192055,-84,-2811,-165
13.201853,-40,-2711,94
13.211853,158,-2720,298
13.221621,253,-2823,516
13.231420,121,-2597,649
13.241188,-108,-2338,780
13.250987,-120,-2598,1280
13.260987,58,-2347,1501
13.270755,253,-1715,1126
13.280553,480,-1950,1289
13.290321,391,-1784,1417
13.300120,73,-1461,1240
13.310120,-104,-1956,1660
13.319888,-238,-1416,1456
13.329687,-77,-1127,962
13.339455,253,-563,1294
13.349253,274,1487,1194
13.359253,169,591,728
13.369021,-36,30,732
13.378820,835,1349,-365
13.388588,999,1381,-949
13.398387,-1790,3876,762
13.408387,-1472,4888,62
13.418155,1062,2555,-1547
13.427953,-90,2221,-163
13.437721,-679,1917,792
13.447520,435,1067,-175
13.457520,471,1162,-850
13.467288,282,1417,-483
13.477087,-140,1851,-736
13.486885,-609,2071,-1225
13.496653,-304,1758,-970
13.506653,242,1408,-981
13.516452,328,1249,-1031
13.526220,-36,1373,-1268
13.536018,-222,1462,-1540
13.545448,-209,1298,-1183
13.555613,-317,1158,-1247
13.565613,-129,1183,-1495
13.575381,196,1317,-1391
13.585180,153,1328,-1418
13.594978,-17,1187,-1438
13.604746,32,1182,-1416
13.614746,116,1219,-1406
13.624545,66,1394,-1529
13.634313,64,1340,-1549
13.644112,-195,903,-1284
13.653880,-583,1987,-1481
13.663880,-127,192,-1234
13.673678,455,-2970,-775
13.683446,141,708,-2263
13.693245,-124,2994,-2709
13.703013,-195,701,-1068
13.713013,-186,-152,-549
13.722812,76,757,-1143
13.732580,32,1564,-2215
13.742378,87,-52,-2622
13.752146,248,-167,-2323
13.762146,5,658,-1870
13.771945,-149,-293,-1461
13.781744,-86,-254,-1934
13.791512,-122,-202,-2243
13.801310,-74,-520,-1963
13.811310,103,-613,-1963
13.821078,19,-899,-2077
13.830877,-88,-961,-1909
13.840645,183,-1091,-1779
13.850443,210,-1379,-1877
13.860443,-129,-1584,-1918
13.870212,-220,-1816,-1834
13.880010,-150,-1936,-1700
13.889778,-36,-2018,-1490
13.899577,76,-2191,-1315
13.909577,66,-2254,-1208
13.919345,112,-2329,-1088
13.929143,69,-2497,-940
13.938911,-138,-2511,-806
13.948710,-184,-2631,-636
13.958710,-100,-2650,-356
13.968509,-2,-2429,-168
13.978277,49,-2432,-49
13.988075,-74,-2481,17
13.997843,-215,-2365,187
14.7843,-150,-2147,605
14.17642,-38,-2029,776
14.27410,-70,-1852,930
14.37209,-138,-2584,1692
14.46977,-127,-3429,1981
14.56977,49,-2327,1132
14.66775,230,-1479,776
14.76543,399,-1782,919
14.86342,480,-1738,569
14.96110,41,-940,682
14.106110,830,-1566,307
14.115909,512,157,-754
14.125677,-2218,6927,39
14.135475,-299,5718,207
14.145274,1823,549,-227
14.155274,-733,2101,1698
14.165042,-708,1814,1922
14.174840,782,426,223
14.184608,-8,2006,330
14.194407,-609,2755,489
14.204407,-365,2203,-33
14.214175,-150,1728,207
14.223974,294,1687,58
14.233742,466,1896,-525
14.243540,-104,2064,-449
14.253540,-461,2008,-424
14.263308,-209,1756,-647
14.273107,208,1417,-636
14.282875,219,1592,-840
14.292674,-315,2081,-1274
14.302674,-570,1814,-1220
14.312442,-93,1242,-800
14.322240,467,1158,-813
14.332008,282,1383,-1366
14.341776,-370,1596,-1747
14.351776,-502,1537,-1634
14.361575,-81,1189,-1250
14.371343,262,1001,-977
14.381142,157,1274,-1325
14.390910,-238,1606,-1881
14.400910,-381,1512,-1806
14.410708,-115,1126,-1331
14.420476,164,987,-1131
14.430275,132,1281,-1452
14.440043,-9,1580,-1804
14.450043,-20,1451,-1709
14.459842,0,1137,-1318
14.469610,99,1171,-1070
14.479408,158,1021,-1249
14.489176,-124,1573,-1518
14.499176,-468,1724,-1515
14.508975,-324,-1125,-991
14.518743,44,-965,-1206
14.528542,117,2239,-2459
14.538310,146,1924,-1904
14.548310,3,589,-708
14.558078,-415,814,-1215
14.567876,-188,1224,-1750
14.577644,491,1594,-1977
14.587443,371,1980,-2045
14.597443,28,-409,-1331
14.607211,-92,-1197,-1461
14.617010,-433,1401,-2681
14.626778,-72,442,-2270
14.636576,492,-325,-1357
14.646576,67,348,-1824
14.656344,-297,-240,-2095
14.666112,-67,-240,-2052
14.675911,85,-308,-2068
14.685679,82,-495,-1932
14.695679,-81,-650,-2079
14.705478,-233,-902,-2145
14.715246,26,-877,-1827
14.725014,367,-975,-1663
14.734812,242,-1315,-1890
14.744812,-204,-1449,-1961
14.754580,-400,-1668,-1800
14.764379,-104,-1902,-1775
14.774147,394,-1688,-1456
14.783915,414,-1732,-1215
14.793915,-95,-2252,-1447
14.803714,-283,-2441,-1434
14.813482,82,-2159,-983
14.823280,253,-2238,-681
14.833048,39,-2482,-743
14.843048,-92,-2472,-708
14.852817,-65,-2586,-434
14.862615,26,-2445,-199
14.872383,158,-2291,-36
14.882182,87,-2447,39
14.892182,-136,-2382,-8
14.901950,-150,-2225,158
14.911718,-63,-2184,508
14.921516,-81,-1957,541
14.931285,-104,-1882,615
14.941285,-111,-1824,878
14.951083,-159,-1707,1301
14.960851,-247,-2806,2115
14.970650,-136,-3147,1821
14.980418,26,-1909,896
14.990418,207,-1625,1030
15.216,491,-1875,624
15.9984,139,-1140,317
15.19783,796,-977,537
15.29551,1182,-570,-536
15.39551,-1674,5186,-124
15.49319,-1597,7386,824
15.59118,1512,1487,-165
15.68886,978,219,471
15.78684,-868,2497,2037
15.88684,-879,1919,1535
15.98452,137,982,635
15.108251,417,1876,442
15.118019,71,2706,164
15.127818,382,1674,232
15.137818,66,1569,374
15.147586,-783,2562,57
15.157384,-417,2081,17
15.167152,317,1535,14
15.176951,342,1930,-352
15.186951,105,2067,-509
15.196750,-188,1940,-470
15.206518,-429,1840,-500
15.216316,-320,1851,-620
15.226084,160,1862,-820
15.236084,508,1624,-883
15.245883,212,1535,-836
15.255651,-324,1803,-997
15.265450,-477,1856,-1149
15.275218,-343,1583,-1145
15.285218,-129,1478,-1200
15.295016,182,1458,-1190
15.304784,432,1335,-1211
15.314583,391,1289,-1318
15.324351,-43,1437,-1479
15.334351,-499,1548,-1729
15.344150,-502,1387,-1559
15.353948,-199,1208,-1204
15.363716,146,1226,-1338
15.373515,342,1333,-1607
15.383515,241,1444,-1611
15.393283,-40,1512,-1616
15.403081,-343,1412,-1691
15.412849,-524,1212,-1543
15.422648,-270,1149,-1325
15.432648,287,1264,-1420
15.442416,474,1467,-1650
15.452215,133,1601,-1704
15.461983,-331,1424,-1629
15.471781,-424,1110,-1395
15.481781,-47,1076,-1154
15.491549,278,1281,-1224
15.501348,305,1433,-1413
15.511116,128,1387,-1404
15.520915,-199,1214,-1284
15.530915,-347,1123,-1184
15.540683,-93,1208,-1186
15.550143,239,1321,-1388
15.560308,303,1380,-1482
15.570076,66,1392,-1427
15.579875,-245,1323,-1499
15.589875,-275,1230,-1532
15.599643,-27,1328,-1540
15.609441,191,1414,-1588
15.619209,301,1278,-1549
15.629008,35,1628,-1611
15.639008,-397,1567,-1434
15.648776,-295,341,-641
15.658575,-147,273,-1163
15.668343,-229,1281,-2981
15.678141,-177,917,-2556
15.688141,-100,151,-1404
15.697909,-22,319,-2093
15.707708,-17,401,-2377
15.717476,-142,296,-1986
15.727275,-261,378,-2048
15.737275,-333,403,-2066
15.747043,-431,394,-1911
15.756841,-483,444,-1991
15.766609,-361,449,-2091
15.776408,-267,351,-1895
15.786408,-288,360,-1931
15.796206,-318,453,-2222
15.805974,-347,462,-2081
15.815773,-345,326,-1775
15.825541,-340,335,-2050
15.835541,-352,799,-2134
15.845340,-347,23,-1872
15.855108,-359,-840,-2125
15.864906,-372,324,-2043
15.874674,-384,1182,-1761
15.884674,-399,953,-1729
15.894473,-425,203,-1848
15.904241,-418,258,-2090
15.914040,-427,699,-1788
15.923808,-402,367,-1829
15.933808,-359,405,-2066
15.943576,-395,471,-1870
15.953374,-238,192,-1993
15.963142,-529,373,-1963
15.972941,-286,323,-2129
15.982941,928,-908,-2618
15.992709,64,-636,-2243
16.2508,-1016,474,-1993
16.12276,-318,66,-2197
16.22074,-240,5,-2036
16.32074,-420,219,-1947
16.41842,-256,112,-2004
16.51641,-238,210,-2006
16.61440,-233,237,-1965
16.71208,-250,192,-1963
16.81208,-283,189,-2015
16.90976,-279,173,-2007
16.100774,-277,183,-1991
16.110542,-279,191,-1991
16.120341,-270,171,-1991
16.130341,-270,182,-1997
16.140109,-283,192,-1984
16.149908,-272,189,-1981
16.159676,-272,183,-1982
16.169474,-281,176,-1973
16.179474,-268,183,-2013
16.189242,-279,185,-2038
16.199041,-292,187,-1998
16.208809,-281,194,-2006
16.218577,-270,183,-2032
16.228577,-258,174,-2009
16.238376,-265,185,-2000
16.248144,-270,199,-2018
16.257942,-274,187,-2015
16.267710,-277,187,-1998
16.277710,-267,205,-1997
16.287509,-263,189,-1997
16.297277,-270,178,-1995
16.307076,-275,182,-1998
16.316844,-277,178,-1995
16.326844,-275,191,-1993
16.336642,-268,187,-2007
16.346410,-268,182,-2002
16.356209,-268,183,-1986
16.365977,-263,178,-2002
16.375977,-265,192,-2020
16.385745,-265,187,-1991
16.395544,-277,191,-1988
16.405312,-292,217,-2020
16.415110,-277,198,-1998
16.425110,-267,176,-1986
16.434878,-274,182,-2018
16.444677,-281,183,-2009
16.454445,-279,183,-1998
16.464244,-263,183,-2011
16.474244,-268,171,-2004
16.484012,-279,167,-1997
16.493810,-270,174,-2007
16.503578,-265,169,-2013
16.513377,-275,182,-1991
16.523377,-279,201,-1991
16.533145,-275,187,-2002
16.542913,-283,182,-1979
16.552712,-286,203,-2000
16.562510,-274,189,-2015
16.572510,-268,176,-1993
16.582278,-277,199,-1997
16.592046,-267,194,-2007
16.601845,-252,171,-2027
16.611613,-263,183,-2023
16.621613,-261,201,-1988
16.631411,-254,185,-1979
16.641180,-279,169,-1993
16.650978,-286,182,-1972
16.660746,-270,191,-1959
16.670746,-274,189,-2013
16.680545,-274,189,-2034
16.690313,-270,185,-2000
16.700111,-272,180,-1990
16.709879,-267,180,-2000
16.719879,-263,183,-2011
16.729678,-272,187,-2009
16.739446,-267,189,-1995
16.749245,-259,174,-1998
16.759013,-268,169,-1995
16.769013,-267,185,-1982
16.778811,-268,187,-2007
16.788579,-274,185,-2004
16.798378,-279,189,-1979
16.808146,-286,187,-1997
16.818146,-281,189,-2006
16.827945,-267,187,-1998
16.837713,-267,185,-2002
16.847511,-281,194,-2004
16.857279,-277,194,-1991
16.867279,-270,180,-1986
16.877078,-286,176,-1997
16.886846,-275,185,-2000
16.896645,-250,185,-2009
16.906413,-272,185,-1993
16.916413,-284,191,-1975
16.926211,-261,191,-1990
16.935979,-268,191,-1990
16.945747,-272,180,-1997
16.955546,-268,185,-2000
16.965546,-277,205,-2000
16.975314,-265,192,-2004
16.985113,-267,185,-1993
16.994881,-270,192,-1997
17.4679,-254,187,-1998
17.14679,-261,185,-2000
17.24447,-268,191,-2000
17.34246,-274,174,-1981
17.44045,-292,185,-1984
17.53813,-277,199,-1988
17.63813,-259,185,-1979
17.73611,-265,182,-2000
17.83379,-267,182,-2020
17.93178,-279,194,-2000
17.102946,-290,201,-1981
17.112946,-277,191,-1982
17.122744,-261,203,-1990
17.132513,-254,198,-2000
17.142311,-265,178,-2006
17.152110,-261,183,-1984
17.162110,-259,198,-1988
17.171878,-275,191,-2022
17.181676,-265,180,-2011
17.191444,-250,183,-1995
17.201243,-263,191,-2006
17.211243,-274,192,-2020
17.221011,-272,185,-2032
17.230810,-270,191,-2016
17.240578,-274,183,-1975
17.250376,-270,182,-1970
17.260376,-261,208,-1995
17.270144,-277,194,-2000
17.279943,-288,173,-1997
17.289711,-270,183,-1991
17.299510,-270,182,-1991
17.309510,-274,183,-2018
17.319278,-263,191,-2020
17.329076,-270,194,-1982
17.338844,-270,201,-1979
17.348643,-265,201,-2002
17.358643,-275,201,-2013
17.368411,-275,194,-2020
17.378210,-263,182,-2007
17.387978,-265,174,-1998
17.397776,-267,183,-2004
17.407776,-263,192,-1991
17.417544,-261,187,-1986
17.427343,-270,180,-1997
17.437111,-274,191,-1981
17.446910,-265,198,-1979
17.456910,-267,189,-1998
17.466678,-267,192,-1981
17.476476,-268,191,-1984
17.486244,-283,183,-2009
17.496043,-274,189,-1995
17.506043,-265,196,-1979
17.515811,-281,198,-1981
17.525609,-279,187,-1988
17.535378,-275,185,-1997
17.544807,-275,182,-2007
17.555003,-265,178,-2007
17.565003,-274,185,-1984
17.574771,-274,176,-1997
17.584539,-272,185,-2009
17.594338,-283,199,-1993
17.604106,-283,198,-2006
17.614106,-277,189,-2009
17.623904,-267,167,-2009
17.633672,-267,185,-1998
17.643471,-263,210,-1984
17.653239,-250,194,-2000
17.663239,-265,192,-2000
17.673037,-286,191,-1988
17.682806,-288,182,-2011
17.692604,-270,191,-2011
17.702372,-263,191,-1995
17.712372,-259,178,-2004
17.722171,-258,183,-1998
17.731939,-267,194,-2002
17.741737,-270,174,-2015
17.751505,-284,180,-2000
17.761505,-288,201,-1993
17.771304,-277,182,-2004
17.781072,-272,169,-2009
17.790871,-270,178,-2002
17.800639,-277,180,-2000
17.810639,-284,183,-1998
17.820407,-272,174,-1995
17.830205,-268,182,-1998
17.840004,-259,196,-1991
17.849772,-263,180,-1988
17.859772,-277,185,-2007
17.869540,-265,207,-2004
17.879339,-270,194,-1998
17.889107,-274,185,-2009
17.898905,-270,196,-2004
17.908905,-286,194,-1995
17.918673,-272,187,-2004
17.928472,-261,199,-2004
17.938240,-268,203,-1977
17.948039,-263,187,-1993
17.958039,-274,196,-2029
17.967807,-284,205,-2009
17.977605,-267,185,-1997
17.987373,-267,191,-2020
17.997172,-272,203,-2013
18.7172,-272,191,-2006
18.16940,-281,180,-2022
18.26739,-277,185,-2013
18.36507,-267,189,-1991
18.46275,-274,187,-1991
18.56275,-275,191,-1988
18.66073,-272,196,-1981
18.75841,-279,187,-1991
18.85640,-275,187,-2000
18.95408,-272,205,-1997
18.105408,-275,199,-1998
18.115207,-275,180,-2000
18.124975,-270,192,-2002
18.134773,-265,205,-2000
18.144541,-267,199,-1993
18.154541,-254,196,-1986
18.164340,-249,194,-1986
18.174108,-272,194,-2002
18.183907,-274,194,-1998
18.193675,-267,189,-1986
18.203675,-274,187,-1986
18.213473,-265,187,-2000
18.223241,-263,180,-2025
18.233040,-267,182,-2022
18.242808,-272,201,-2011
18.252808,-286,192,-1995
18.262607,-211,221,-2066
18.272375,-377,157,-1952
18.282143,-233,174,-1900
18.291941,-56,319,-2334
18.301941,-815,-131,-1425
18.311740,2347,1107,-2523
18.321508,6020,3419,-6282
18.331306,2896,1703,-3609
18.341075,826,-883,1201
18.351075,2244,99,-763
18.360873,2451,1824,-4066
18.370641,2051,2353,-4048
18.380440,1283,1698,-2295
18.390208,253,1480,-1865
18.400208,164,2306,-3029
18.410006,-25,2214,-3413
18.419805,-3516,2308,-1950
18.429573,-5125,853,862
18.439372,-2918,-584,-1366
18.449372,-4802,1830,-6791
18.459140,-6875,2035,-6198
18.468938,-4479,-722,-2211
18.478706,-2182,-1847,-367
18.488505,-2789,-2347,-29
18.498505,-3063,-954,-840
18.508273,-733,1801,-1893
18.518072,-108,924,-990
18.527840,-222,-365,-463
18.537638,228,642,-1675
18.547638,-699,1558,-3970
18.557406,-1915,2208,-4834
18.567205,-1559,664,-2723
18.577004,717,446,-2090
18.586772,2476,3276,-1641
18.596772,1367,-158,1855
18.606570,880,-1538,1414
18.616338,3860,3321,-4032
18.626137,3354,1362,-2659
18.635905,510,837,817
18.645905,-579,1990,-456
18.655703,-784,-1177,807
18.665472,-1647,3687,-3377
18.675270,-240,719,291
18.685038,5102,-13949,11671
18.695038,2628,-6298,665
18.704837,449,4753,-5805
18.714605,3667,-1613,2055
18.724403,1210,-1750,680
18.734171,-611,1269,-1016
18.744171,807,-70,153
18.753970,978,480,-356
18.763738,1014,244,-765
18.773537,1689,-74,-193
18.783305,2206,441,141
18.793305,946,-1100,-1932
18.803103,1205,1192,1439
18.812871,2713,4722,6177
18.822670,1883,962,1278
18.832438,2208,-1757,-1707
18.842438,1601,-424,62
18.852237,567,-443,212
18.862005,1231,-413,-388
18.871803,1039,-281,-59
18.881602,2371,-949,828
18.891602,2905,-499,-856
18.901370,2399,-3389,3501
18.911169,2558,-5502,6797
18.920937,1501,-370,-188
18.930705,1523,2181,-654
18.940705,1515,1017,2012
18.950503,1169,798,762
18.960302,1560,567,1210
18.970070,1412,299,1423
18.979869,1351,280,1146
18.989869,1646,-50,1517
18.999637,1621,-888,1851
19.9435,1476,-763,1587
19.19203,1546,12,1289
19.29002,1473,164,1337
19.39002,1419,169,1308
19.48770,1469,137,1337
19.58568,1462,19,1373
19.68337,1453,55,1339
19.78135,1494,-172,1444
19.88135,1506,-281,1480
19.97903,1453,5,1365
19.107702,1462,28,1346
19.117500,1471,-27,1364
19.127268,1453,-31,1385
19.137268,1467,-111,1408
19.147067,1465,-43,1387
19.156835,1471,-8,1394
19.166634,1471,-65,1381
19.176402,1456,-45,1365
19.186402,1467,-36,1398
19.196200,1489,-34,1385
19.205999,1489,-27,1380
19.215767,1476,-43,1385
19.225566,1465,-42,1383
19.235566,1471,-31,1394
19.245334,1476,-38,1387
19.255132,1464,-50,1390
19.264900,1467,-47,1385
19.274699,1469,-31,1381
19.284699,1462,-25,1394
19.294467,1471,-27,1383
19.304265,1464,-34,1378
19.314064,1473,-49,1383
19.323832,1483,-38,1387
19.333832,1469,-24,1385
19.343631,1464,-31,1376
19.353399,1476,-40,1376
19.363197,1476,-36,1381
19.372965,1467,-36,1381
19.382965,1464,-40,1364
19.392764,1473,-31,1369
19.402532,1476,-36,1387
19.412331,1467,-38,1378
19.422099,1458,-27,1367
19.432099,1460,-45,1378
19.441897,1471,-59,1399
19.451696,1473,-42,1392
19.461464,1467,-34,1380
19.471263,1465,-47,1392
19.481263,1471,-40,1394
19.491031,1480,-27,1378
19.500829,1478,-43,1387
19.510597,1476,-42,1399
19.520396,1473,-38,1374
19.530396,1478,-67,1364
19.540164,1483,-58,1385
19.549624,1465,-27,1390
19.559789,1465,-31,1387
19.569557,1473,-40,1378
19.579356,1471,-47,1376
19.589356,1471,-40,1387
19.599124,1469,-33,1385
19.608922,1471,-34,1401
19.618691,1469,-42,1401
19.628489,1471,-40,1376
19.638489,1467,-33,1385
19.648257,1471,-47,1383
19.658056,1489,-49,1374
19.667824,1485,-31,1378
19.677622,1471,-31,1378
19.687622,1473,-36,1380
19.697421,1469,-27,1383
19.707189,1460,-27,1389
19.716988,1460,-36,1380
19.726756,1478,-38,1367
19.736756,1480,-40,1380
19.746554,1462,-40,1380
19.756322,1471,-42,1374
19.766121,1478,-45,1380
19.775889,1465,-40,1390
19.785889,1467,-34,1398
19.795688,1473,-36,1385
19.805456,1476,-36,1380
19.815254,1465,-36,1383
19.825022,1455,-38,1383
19.835022,1455,-38,1390
19.844821,1460,-42,1381
19.854619,1474,-50,1376
19.864388,1487,-36,1374
19.874186,1460,-45,1378
19.884186,1465,-58,1405
19.893954,1505,8,1364
19.903753,1430,-192,1414
19.913521,1453,-586,1731
19.923319,1346,-15,1496
19.933319,1396,516,705
19.943118,1744,-459,1310
19.952886,1465,-902,1935
19.962685,1676,-342,942
19.972453,2110,221,733
19.982453,2067,-2197,1678
19.992251,2783,-1725,949
20.2019,2512,4486,553
20.11818,2296,1862,3362
20.21586,3847,-2627,2796
20.31586,3246,-1181,724
20.41385,2019,-2068,1660
20.51153,1915,-2720,1665
20.60951,1649,-2047,2528
20.70719,2840,-1720,2785
20.80719,1805,-547,2199
20.90518,-725,642,3399
20.100286,885,549,2690
20.110085,2367,398,1551
20.119853,1662,376,1531
20.129853,2062,-161,1439
20.139651,2214,-563,2005
20.149419,1448,-799,1940
20.159218,1142,-911,1451
20.168986,1201,-863,1617
20.178986,1330,-904,1837
20.188785,1337,-1009,1780
20.198553,1381,-1054,1874
20.208351,1726,-1090,1996
20.218119,1926,-1197,1810
20.228119,1730,-1388,1460
20.237918,1473,-1465,1203
20.247716,1530,-1484,1294
20.257484,1656,-1520,1519
20.267283,1623,-1238,1692
20.277283,1556,-877,2096
20.287051,1430,-831,2274
20.296850,1405,-961,1744
20.306618,1439,-1241,1280
20.316416,1380,-1557,1324
20.326416,1448,-1529,1317
20.336184,1756,-1434,1058
20.345983,2019,-1459,755
20.355751,2037,-1386,637
20.365550,1933,-1524,637
20.375550,1496,-1709,424
20.385318,1108,-1568,466
20.395116,1351,-1357,910
20.404884,1685,-1277,1162
20.414683,1781,-1181,1210
20.424683,1756,-1015,1337
20.434451,1606,-1020,1530
20.444250,1196,-1256,1505
20.454018,1005,-1391,1408
20.463816,1433,-1231,1265
20.473816,1244,-1250,939
20.483584,876,-1272,999
20.493383,1478,-772,1410
20.503151,1533,-825,1915
20.512950,815,-1206,2630
20.522950,1071,-631,2656
20.532718,1905,35,1573
20.542516,1928,49,626
20.552284,1342,-247,935
20.562083,792,-359,1823
20.572083,585,-227,1730
20.581851,623,-449,910
20.591650,732,-977,412
20.601418,928,-1602,132
20.611216,1142,-2132,-54
20.621216,1249,-2034,-168
20.630984,1274,-1525,-411
20.640783,1223,-1166,-525
20.650581,1126,-904,-554
20.660349,1303,-763,-574
20.670349,1687,-743,-384
20.680118,1944,-561,-220
20.689916,1965,-349,-42
20.699684,1705,-443,37
20.709483,1396,-881,-147
20.719483,1280,-1343,-43
20.729281,1321,-1372,199
20.739049,1533,-902,116
20.748817,1767,-429,242
20.758616,1796,-459,676
20.768616,1694,-575,614
20.778384,1649,-554,96
20.788183,1706,-1118,19
20.797981,1778,-1624,471
20.807749,1801,-1188,523
20.817749,1674,-704,178
20.827548,1439,-718,158
20.837316,1189,-883,192
20.847115,1101,-1033,316
20.856883,1005,-875,449
20.866883,607,-208,194
20.876681,787,139,457
20.886449,1462,-124,940
20.896248,1546,-295,632
20.906016,1208,-379,439
20.916016,1148,-574,715
20.925815,1324,-684,733
20.935583,1108,-833,498
20.945381,1064,-1002,362
20.955180,1553,-816,314
20.965180,1851,-543,224
20.974948,1990,-327,207
20.984716,2024,10,162
20.994515,1751,176,-29
21.4313,1571,58,-159
21.14313,1760,-190,-152
21.24081,1871,-392,-49
21.33880,1780,-454,32
21.43648,1748,-488,132
21.53446,1564,-320,351
21.63446,1414,-192,396
21.73214,1646,-517,162
21.83013,1931,-736,-147
21.92781,1989,-493,-377
21.102580,1821,-97,-227
21.112580,1792,167,91
21.122348,2067,180,-24
21.132146,2224,-113,-347
21.141914,2046,-552,-472
21.151713,1842,-872,-308
21.161713,1792,-995,-36
21.171512,1633,-800,-95
21.181280,1414,-500,-270
21.191078,1321,-408,-188
21.200846,1264,-361,-75
21.210846,1553,-345,-204
21.220645,1662,-224,-158
21.230443,1169,-165,35
21.240212,1481,-477,-456
21.250010,2094,-465,-922
21.260010,1774,-67,-652
21.269778,1687,-61,-406
21.279577,1703,-109,-816
21.289375,1298,21,-1084
21.299143,1592,-113,-636
21.309143,2092,-124,-588
21.318942,2128,114,-813
21.328710,2087,371,-711
21.338509,1814,501,-749
21.348277,1649,401,-1058
21.358277,1771,455,-1261
21.368075,1817,482,-1104
21.377874,1731,173,-829
21.387642,1603,-54,-766
21.397441,1712,21,-941
21.407441,1994,189,-1129
21.417209,1965,335,-1136
21.427007,1858,294,-1072
21.436775,1842,237,-1009
21.446574,1696,364,-936
21.456574,1785,166,-983
21.466342,1933,-152,-1038
21.476140,1749,-84,-888
21.485909,1573,158,-686
21.495707,1633,244,-747
21.505707,1815,141,-943
21.515475,1883,212,-974
21.525274,1962,71,-1043
21.535042,1997,-281,-1052
21.544472,1785,-97,-861
21.554667,1742,67,-779
21.564667,1906,-143,-854
21.574435,1942,-124,-922
21.584234,1931,126,-895
21.594002,1967,196,-950
21.603800,1951,153,-1059
21.613800,1897,182,-1002
21.623599,1862,141,-961
21.633367,1810,28,-961
21.643166,1756,42,-859
21.652934,1748,69,-874
21.662934,1780,3,-959
21.672732,1826,74,-925
21.682500,1880,187,-954
21.692299,1887,208,-1043
21.702098,1896,283,-1125
21.712098,1933,373,-1190
21.721866,1851,360,-1131
21.731664,1753,258,-1072
21.741432,1751,196,-1065
21.751231,1710,214,-981
21.761231,1660,208,-961
21.770999,1715,246,-1077
21.780797,1769,332,-1097
21.790596,1739,310,-1022
21.800364,1733,274,-1052
21.810364,1756,332,-1134
21.820163,1742,391,-1077
21.829931,1705,410,-1015
21.839729,1706,392,-1141
21.849497,1771,398,-1206
21.859497,1803,423,-1150
21.869296,1773,358,-1186
21.879064,1737,314,-1177
21.888863,1717,346,-1129
21.898631,1649,355,-1140
21.908631,1605,441,-1100
21.918429,1574,537,-1175
21.928197,1496,446,-1313
21.937996,1581,330,-1247
21.947795,1612,414,-1102
21.957795,1549,485,-1104
21.967563,1580,399,-1209
21.977361,1506,412,-1181
21.987129,1489,442,-1161
21.996928,1606,353,-1266
22.6928,1623,451,-1218
22.16358,1635,542,-1186
22.26184,1667,462,-1275
22.36011,1583,439,-1240
22.45838,1505,330,-1229
22.55664,1473,210,-1275
22.65491,1485,257,-1231
22.75318,1542,278,-1265
22.85175,1517,221,-1234
22.95002,1530,253,-1236
22.104828,1487,421,-1556
22.114655,1401,424,-1613
22.124482,1539,278,-1449
22.134308,1565,214,-1441
22.144135,1437,201,-1388
22.153962,1426,216,-1397
22.163788,1394,146,-1429
22.173615,1326,57,-1427
22.183442,1371,80,-1515
22.193268,1439,78,-1582
22.203095,1424,83,-1643
22.212921,1390,146,-1647
22.222748,1398,139,-1581
22.232575,1374,46,-1629
22.242401,1237,-159,-1649
22.252259,1132,-283,-1625
22.262085,1192,-183,-1659
22.271912,1221,-206,-1627
22.281739,1158,-270,-1593
22.291565,1158,-206,-1659
22.301730,1176,-208,-1784
22.311529,1187,-238,-1902
22.321297,1251,-222,-1995
22.331095,1237,-240,-2011
22.341095,1090,-358,-1979
22.350863,1062,-417,-2004
22.360662,1128,-334,-1972
22.370430,1149,-172,-1815
22.380229,1073,41,-1756
22.390229,940,-118,-1772
22.400027,960,-359,-1724
22.409795,869,-161,-1795
22.419594,835,-34,-1940
22.429362,899,-40,-1916
22.439362,694,-40,-1775
22.449160,690,3,-1654
22.458929,762,219,-1784
22.468727,594,248,-1959
22.478495,510,201,-1902
22.488495,548,212,-1870
22.498294,562,132,-1795
22.508092,532,153,-1631
22.517860,528,187,-1541
22.527659,519,117,-1447
22.537659,455,78,-1359
22.547275,448,44,-1375
22.557226,458,7,-1395
22.566994,396,-29,-1390
22.576792,366,-106,-1457
22.586792,376,-150,-1516
22.596560,346,-134,-1527
22.606359,358,-118,-1613
22.616127,428,-113,-1713
22.625926,441,-106,-1718
22.635926,428,-106,-1688
22.645694,437,-134,-1629
22.655492,367,-168,-1429
22.665260,201,-240,-1232
22.675059,153,-390,-1320
22.685059,291,-511,-1600
22.694827,349,-572,-1897
22.704626,307,-643,-2081
22.714394,337,-634,-2104
22.724192,366,-543,-2065
22.734192,362,-574,-2048
22.743991,385,-684,-2056
22.753759,364,-752,-1965
22.763557,298,-793,-1850
22.773326,291,-820,-1918
22.783326,321,-854,-2023
22.793124,283,-879,-2006
22.802892,260,-879,-1931
22.812691,298,-847,-1873
22.822459,274,-799,-1834
22.832459,242,-788,-1781
22.842257,230,-731,-1656
22.852025,153,-684,-1443
22.861824,80,-743,-1300
22.871592,71,-784,-1261
22.881592,55,-815,-1129
22.891391,12,-793,-991
22.901159,58,-681,-977
22.910957,74,-638,-874
22.920725,-24,-584,-688
22.930725,17,-538,-643
22.940524,-59,-547,-629
22.950292,-267,-561,-581
22.960091,-320,-711,-583
22.969889,-427,-950,-656
22.979889,-452,-1134,-836
22.989657,-247,-1232,-1047
22.999456,-70,-1202,-1175
23.9224,-86,-1091,-1291
23.19023,-175,-1034,-1413
23.29023,-200,-1025,-1479
23.38791,-263,-1015,-1531
23.48589,-384,-1013,-1557
23.58388,-493,-1024,-1540
23.68156,-592,-1077,-1532
23.78156,-686,-1170,-1520
23.87954,-772,-1204,-1470
23.97723,-840,-1216,-1441
23.107521,-918,-1291,-1447
23.117289,-997,-1372,-1427
23.127289,-1058,-1456,-1413
23.137088,-1059,-1518,-1409
23.146856,-1063,-1507,-1284
23.156654,-1188,-1486,-1095
23.166422,-1250,-1549,-990
23.176422,-1206,-1640,-936
23.186221,-1154,-1659,-915
23.196020,-1159,-1713,-861
23.205788,-1282,-1813,-772
23.215586,-1357,-1898,-813
23.225586,-1357,-1966,-952
23.235354,-1368,-2032,-1150
23.245153,-1325,-2197,-1491
23.254921,-1225,-2297,-1797
23.264720,-1143,-2207,-1965
23.274720,-1179,-2107,-2084
23.284488,-1249,-2009,-2193
23.294286,-1231,-1927,-2459
23.304054,-1272,-1848,-2679
23.313853,-1388,-1699,-2470
23.323853,-1388,-1649,-2431
23.333651,-1190,-1704,-3123
23.343420,-947,-1525,-3884
23.353188,-877,-1074,-4070
23.362986,-929,-668,-3739
23.372986,-1034,-452,-3193
23.382785,-1156,-443,-2622
23.392553,-1282,-517,-2154
23.402351,-1465,-500,-1886
23.412119,-1520,-602,-1609
23.422119,-1406,-875,-1318
23.431918,-1363,-1061,-1216
23.441686,-1397,-1159,-1177
23.451485,-1406,-1222,-1193
23.461253,-1400,-1200,-1311
23.471253,-1400,-1161,-1488
23.481051,-1352,-1241,-1727
23.490819,-1227,-1418,-1982
23.500618,-1099,-1543,-2195
23.510417,-1041,-1600,-2307
23.520417,-1013,-1679,-2372
23.530185,-911,-1718,-2432
23.539983,-850,-1636,-2406
23.549413,-913,-1559,-2277
23.559578,-986,-1500,-2098
23.569377,-1074,-1382,-1895
23.579377,-1247,-1281,-1670
23.589145,-1402,-1220,-1490
23.598943,-1429,-1140,-1404
23.608711,-1406,-990,-1399
23.618510,-1429,-865,-1493
23.628510,-1441,-872,-1670
23.638278,-1424,-890,-1845
23.648077,-1449,-841,-1970
23.657845,-1454,-741,-2086
23.667643,-1402,-622,-2154
23.677643,-1379,-567,-2100
23.687442,-1431,-609,-1995
23.697210,-1484,-736,-1898
23.707008,-1447,-850,-1820
23.716776,-1429,-884,-1727
23.726776,-1447,-890,-1570
23.736575,-1374,-927,-1531
23.746343,-1377,-990,-1481
23.756142,-1491,-997,-1234
23.765910,-1511,-983,-1127
23.775910,-1466,-1020,-1104
23.785708,-1425,-1015,-997
23.795476,-1379,-977,-1008
23.805275,-1316,-986,-1086
23.815043,-1263,-1013,-1091
23.825043,-1193,-1102,-1136
23.834842,-1081,-1181,-1324
23.844610,-1011,-1063,-1513
23.854408,-961,-883,-1606
23.864176,-954,-765,-1652
23.874176,-988,-684,-1700
23.883975,-800,-747,-1779
23.893774,-527,-831,-1927
23.903542,-490,-708,-2118
23.913340,-536,-520,-2248
23.923340,-549,-363,-2281
23.933108,-547,-175,-2300
23.942907,-520,-42,-2348
23.952675,-465,-86,-2288
23.962473,-395,-254,-2216
23.972473,-352,-386,-2259
23.982242,-345,-475,-2265
23.992040,-400,-581,-2273
24.1808,-493,-624,-2357
24.11607,-552,-572,-2345
24.21607,-625,-554,-2243
24.31375,-811,-508,-2198
24.41173,-909,-688,-2020
24.50942,-1018,-1106,-1752
24.60740,-1375,-1013,-1713
24.70740,-1597,-622,-1793
24.80508,-1606,-497,-1893
24.90307,-1591,-465,-1977
24.100075,-1545,-497,-2004
24.109873,-1456,-740,-1940
24.119873,-1359,-1000,-1749
24.129641,-1295,-1091,-1613
24.139440,-1234,-1136,-1549
24.149208,-1240,-1172,-1416
24.159007,-1211,-1199,-1338
24.169007,-966,-1215,-1477
24.178775,-784,-1149,-1690
24.188573,-816,-1000,-1775
24.198341,-816,-816,-1827
24.208140,-822,-599,-1845
24.218140,-966,-361,-1666
24.227908,-1084,-202,-1397
24.237707,-1033,-186,-1315
24.247505,-908,-240,-1413
24.257273,-866,-256,-1377
24.267273,-861,-211,-1231
24.277072,-733,-156,-1266
24.286840,-509,-186,-1404
24.296639,-479,-254,-1493
24.306407,-647,-204,-1554
24.316407,-720,-104,-1447
24.326205,-686,-99,-1247
24.336004,-618,-22,-1125
24.345772,-547,187,-1074
24.355540,-641,101,-1159
24.365540,-829,-345,-1395
24.375338,-899,-859,-1724
24.385137,-802,-1152,-1957
24.394905,-675,-1008,-1940
24.404704,-741,-852,-1795
24.414704,-800,-940,-1743
24.424472,-699,-958,-1847
24.434270,-656,-915,-2002
24.444038,-663,-922,-2138
24.453837,-684,-797,-2166
24.463837,-752,-511,-2072
24.473605,-813,-342,-2050
24.483404,-834,-418,-2293
24.493172,-772,-575,-2727
24.502970,-611,-606,-3118
24.512970,-483,-474,-3329
24.522738,-436,-304,-3329
24.532537,-500,-193,-3223
24.542305,-631,-168,-3047
24.552104,-720,-184,-3048
24.562104,-906,-36,-3052
24.571902,-781,323,-2348
24.581670,-375,391,-1965
24.591469,-427,148,-2627
24.601237,-613,107,-3056
24.611237,-670,92,-2913
24.621035,-829,44,-2654
24.630804,-916,105,-2325
24.640602,-811,-22,-2073
24.650401,-691,-256,-1993
24.660401,-654,-333,-1968
24.670169,-554,-352,-1890
24.679937,-413,-290,-1822
24.689735,-309,-122,-1820
24.699534,-124,208,-1766
24.709534,37,674,-1697
24.719302,-38,983,-1741
24.729101,-129,1080,-1872
24.738869,-127,1069,-1898
24.748667,-254,1014,-1779
24.758667,-361,957,-1634
24.768435,-318,951,-1475
24.778234,-345,1003,-1338
24.788002,-400,1019,-1265
24.797801,-456,982,-1218
24.807801,-499,983,-1315
24.817569,-581,912,-1599
24.827367,-779,835,-1745
24.837166,-627,973,-1443
24.846934,-367,1126,-938
24.856934,-461,1189,-699
24.866733,-500,1217,-672
24.876501,-420,1228,-670
24.886299,-386,1260,-738
24.896067,-361,1276,-802
24.906067,-393,1248,-765
24.915866,-472,1146,-702
24.925634,-475,996,-716
24.935432,-431,930,-827
24.945201,-436,944,-900
24.955201,-422,965,-883
24.964999,-333,994,-918
24.974767,-292,1035,-1029
24.984566,-336,1123,-1124
24.994334,-358,1207,-1208
25.4334,-374,1203,-1250
25.14132,-470,1217,-1218
25.23900,-561,1240,-1222
25.33699,-572,1178,-1347
25.43498,-558,1110,-1491
25.53498,-563,1105,-1566
25.63266,-631,1151,-1624
25.73064,-688,1160,-1720
25.82832,-697,1067,-1824
25.92631,-716,983,-1879
25.102631,-711,973,-1966
25.112430,-704,994,-2120
25.122198,-672,1065,-2240
25.131996,-600,1164,-2354
25.141764,-575,1230,-2513
25.151764,-559,1228,-2632
25.161563,-515,1169,-2684
25.171331,-468,1094,-2695
25.181129,-436,1046,-2731
25.190898,-438,1017,-2806
25.200898,-461,971,-2898
25.210696,-502,876,-2972
25.220495,-634,787,-2916
25.230263,-777,799,-2831
25.240061,-675,792,-2756
25.250061,-500,692,-2507
25.259829,-543,742,-2368
25.269628,-568,876,-2509
25.279396,-509,890,-2541
25.289164,-575,907,-2425
25.299164,-625,860,-2479
25.308963,-599,721,-2736
25.318761,-722,635,-2822
25.328529,-908,574,-2648
25.338297,-961,517,-2482
25.348297,-979,498,-2373
25.358096,-968,478,-2388
25.367864,-841,432,-2625
25.377663,-691,439,-2939
25.387461,-686,482,-3059
25.397461,-736,492,-2943
25.407229,-672,587,-2691
25.417028,-581,780,-2391
25.426796,-550,919,-2179
25.436595,-524,1012,-2061
25.446595,-502,1174,-1982
25.456363,-652,1289,-2065
25.466161,-766,1301,-2252
25.475929,-567,1426,-2198
25.485728,-422,1546,-1973
25.495728,-517,1440,-1981
25.505526,-663,1249,-2059
25.515295,-768,1083,-1918
25.525093,-802,917,-1907
25.534861,-841,801,-2073
25.544861,-883,699,-2086
25.554291,-897,630,-1959
25.564486,-909,614,-1711
25.574254,-893,558,-1515
25.584053,-913,516,-1463
25.593821,-958,483,-1434
25.603821,-949,424,-1424
25.613620,-966,351,-1279
25.623388,-1016,274,-988
25.633186,-1029,242,-750
25.642985,-979,228,-663
25.652985,-902,224,-677
25.662753,-874,283,-666
25.672552,-908,364,-645
25.682320,-1002,394,-663
25.692118,-1097,351,-693
25.702118,-1099,257,-674
25.711886,-1013,183,-595
25.721685,-890,226,-581
25.731453,-741,339,-622
25.741252,-670,394,-554
25.751252,-743,371,-450
25.761020,-818,260,-449
25.770818,-893,199,-418
25.780586,-966,244,-513
25.790385,-847,62,-1145
25.800385,-706,-95,-1904
25.810153,-820,298,-2102
25.819952,-1059,894,-1923
25.829720,-1118,1328,-1865
25.839518,-940,1594,-1954
25.849518,-802,1681,-1998
25.859286,-715,1678,-2200
25.869085,-409,1623,-2811
25.878883,76,1535,-3605
25.888651,485,1464,-4266
25.898651,767,1335,-4584
25.908450,1032,1189,-4721
25.918218,1258,969,-4970
25.928017,1540,398,-5250
25.937785,2030,-215,-5496
25.947785,2394,-109,-5634
25.957583,2417,799,-5671
25.967351,2339,1864,-5644
25.977150,2124,2601,-5368
25.986949,1715,2844,-4948
25.996949,1333,2405,-4609
26.6717,1099,1424,-4673
26.16515,1094,374,-5336
26.26283,1198,-490,-5971
26.36082,1182,-1058,-6439
26.46082,1012,-1109,-7034
26.55850,715,-665,-7264
26.65649,296,-59,-6700
26.75447,-388,410,-5603
26.85215,-1211,660,-4637
26.95215,-1745,740,-3927
26.105014,-2038,646,-3109
26.114782,-2390,439,-2129
26.124580,-2634,203,-1088
26.134348,-2638,16,-206
26.144348,-2557,-15,317
26.154147,-2379,48,524
26.163915,-2129,135,532
26.173714,-1936,253,510
26.183482,-1720,319,614
26.193482,-1579,392,776
26.203280,-1572,521,948
26.213048,-1454,557,1151
26.222847,-1320,562,1356
26.232646,-1307,624,1530
26.242646,-1266,576,1639
26.252414,-1213,412,1681
26.262212,-1206,307,1678
26.271980,-1200,249,1683
26.281779,-1195,199,1674
26.291779,-1229,201,1574
26.301577,-1288,182,1456
26.311346,-1334,130,1326
26.321144,-1400,117,1142
26.330912,-1493,112,937
26.340912,-1586,69,674
26.350711,-1709,-8,324
26.360479,-1832,-40,-204
26.370277,-1845,44,-883
26.380076,-1811,214,-1386
26.390076,-1824,403,-1663
26.399844,-1850,528,-1991
26.409643,-1886,582,-2413
26.419411,-1963,680,-2745
26.429209,-2252,785,-2947
26.439209,-2747,724,-3370
26.448977,-3009,573,-4157
26.458776,-3100,408,-4704
26.468544,-3386,148,-4904
26.478343,-3641,-122,-5377
26.488343,-3804,-347,-6098
26.498141,-3970,-529,-6794
26.507909,-4000,-579,-7450
26.517708,-3864,-474,-7864
26.527476,-3625,-74,-7976
26.537476,-3172,589,-7655
26.547275,-2625,1256,-6943
26.557043,-2266,2031,-6534
26.566841,-1595,2769,-6407
26.576640,-509,3269,-6269
26.586640,471,3917,-6253
26.596408,1289,4826,-6082
26.606206,1858,5604,-5511
26.615974,1935,5720,-4575
26.625773,1410,5006,-3659
26.635773,630,3915,-3275
26.645541,32,2824,-3252
26.655340,-493,1833,-3073
26.665108,-1029,1040,-2579
26.674906,-1352,571,-2013
26.684906,-1500,235,-1513
26.694674,-1524,-122,-1040
26.704473,-1350,-270,-709
26.714241,-1174,-252,-497
26.724040,-1056,-213,-308
26.734040,-925,-93,-225
26.743808,-831,60,-236
26.753606,-722,110,-206
26.763405,-666,76,-261
26.773173,-697,94,-543
26.783173,-688,148,-891
26.792972,-663,180,-1184
26.802740,-624,174,-1352
26.812538,-624,194,-1482
26.822306,-708,216,-1627
26.832306,-752,198,-1707
26.842105,-809,210,-1815
26.851873,-929,249,-1863
26.861671,-1047,319,-1861
26.871440,-1158,412,-1991
26.881440,-1222,423,-2157
26.891238,-1208,389,-2282
26.901037,-1161,401,-2391
26.910805,-1093,448,-2479
26.920603,-1040,533,-2548
26.930603,-1066,678,-2593
26.940371,-1102,846,-2636
26.950170,-1061,1015,-2625
26.959938,-1027,1208,-2541
26.969737,-1091,1431,-2525
26.979737,-1163,1571,-2613
26.989505,-1191,1564,-2766
26.999303,-1254,1506,-2954
27.9102,-1245,1367,-3031
27.18870,-1086,1110,-2986
27.28870,-900,864,-2929
27.38669,-738,671,-2909
27.48437,-625,442,-2864
27.58235,-595,139,-2738
27.68034,-672,-134,-2566
27.78034,-849,-375,-2422
27.87802,-990,-588,-2447
27.97600,-1097,-661,-2600
27.107369,-1259,-550,-2706
27.117167,-1424,-313,-2786
27.127167,-1536,-102,-2866
27.136935,-1604,16,-2888
27.146734,-1731,110,-2811
27.156502,-1827,153,-2513
27.166300,-1784,58,-2191
27.176300,-1749,-188,-2190
27.186068,-1665,-459,-2223
27.195867,-1532,-629,-2077
27.205666,-1436,-738,-1988
27.215434,-1327,-774,-1893
27.225434,-1266,-824,-1559
27.235232,-1295,-1047,-1218
27.245000,-1304,-1345,-1109
27.254799,-1140,-1609,-1163
27.264567,-938,-1795,-1299
27.274567,-822,-1840,-1382
27.284366,-718,-1788,-1329
27.294164,-722,-1591,-1184
27.303932,-800,-1216,-940
27.313731,-734,-963,-720
27.323731,-538,-872,-749
27.333499,-425,-681,-788
27.343297,-320,-497,-704
27.353096,-75,-436,-813
27.362864,49,-343,-899
27.372864,-93,-175,-793
27.382663,-81,-24,-879
27.392431,291,133,-1065
27.402229,453,385,-1086
27.411997,321,526,-997
27.421997,198,423,-743
27.431796,-149,323,-340
27.441564,-399,85,-350
27.451363,169,-272,-1200
27.461161,815,-220,-2134
27.471161,903,23,-2652
27.480929,1251,21,-3050
27.490728,1439,35,-2907
27.500496,907,292,-2329
27.510295,442,389,-1936
27.520295,358,-56,-1699
27.530063,387,-461,-1732
27.539861,514,-490,-2091
27.549291,542,-286,-2245
27.559486,-38,-659,-1379
27.569254,-9,-2539,-1029
27.579254,853,-2920,-2806
27.589053,1290,-133,-4075
27.598821,1283,2051,-3643
27.608620,607,2097,-2832
27.618388,-261,1351,-1838
27.628388,-475,369,-1452
27.638186,-93,-616,-2091
27.647954,442,-1188,-2770
27.657753,608,-1065,-2777
27.667552,342,-709,-2197
27.677552,-22,-734,-1636
27.687320,-300,-1131,-1361
27.697118,-438,-1575,-1170
27.706886,-425,-1929,-1068
27.716685,-390,-2079,-1104
27.726685,-304,-1943,-1320
27.736453,-70,-1709,-1690
27.746252,85,-1406,-2020
27.756050,74,-1068,-2190
27.765818,132,-904,-2279
27.775818,148,-777,-2350
27.785617,83,-636,-2223
27.795385,69,-627,-1927
27.805183,-208,-375,-1416
27.814982,-318,-188,-1324
27.824982,66,-638,-1945
27.834750,-24,-943,-1816
27.844549,-493,-931,-1024
27.854317,-609,-1043,-777
27.864115,-524,-1016,-963
27.874115,-311,-883,-1315
27.883914,-93,-811,-1616
27.893682,-58,-686,-1599
27.903481,-18,-616,-1590
27.913249,41,-727,-1740
27.923249,96,-847,-1756
27.933047,166,-868,-1611
27.942846,155,-1041,-1472
27.952614,217,-1454,-1520
27.962412,389,-1666,-1747
27.972412,487,-1522,-1868
27.982181,482,-1311,-1732
27.991979,419,-1215,-1577
28.1747,369,-1347,-1541
28.11546,362,-1531,-1511
28.21546,330,-1447,-1450
28.31344,273,-1263,-1400
28.41112,244,-1232,-1345
28.50911,198,-1252,-1250
28.60679,87,-1291,-1191
28.70679,21,-1402,-1211
28.80478,5,-1479,-1318
28.90276,12,-1516,-1491
28.100044,142,-1627,-1677
28.109843,130,-1632,-1743
28.119843,-36,-1636,-1602
28.129611,26,-1993,-1561
28.139410,151,-2348,-1754
28.149178,230,-2365,-1940
28.158976,394,-2240,-2088
28.168976,535,-2098,-2334
28.178775,603,-1923,-2720
28.188543,712,-1609,-2957
28.198341,651,-1172,-2848
28.208109,374,-995,-2675
28.218109,203,-1161,-2481
28.227908,23,-1550,-2209
28.237676,-183,-2241,-1991
28.247475,-343,-2781,-1627
28.257243,-568,-2775,-1265
28.267243,-704,-2529,-1150
28.277041,-788,-2263,-997
28.286809,-888,-1993,-958
28.296608,-858,-1638,-1232
28.306376,-779,-1202,-1454
28.316376,-763,-866,-1511
28.326175,-734,-643,-1581
28.335943,-658,-568,-1738
28.345741,-515,-658,-1904
28.355509,-333,-750,-1915
28.365509,-200,-818,-1840
28.375308,-152,-950,-1763
28.385076,-138,-1018,-1552
28.394875,-99,-868,-1318
28.404643,42,-533,-1341
28.414643,301,-124,-1568
28.424441,417,201,-1645
28.434209,276,230,-1481
28.444008,94,-86,-1441
28.453776,10,-615,-1574
28.463776,7,-965,-1525
28.473575,-45,-761,-1282
28.483373,-159,-406,-954
28.493141,-186,-209,-766
28.502909,-109,-92,-870
28.512909,-42,-163,-1002
28.522708,-72,-359,-952
28.532506,-92,-616,-945
28.542275,-122,-870,-972
28.552043,-225,-1113,-772
28.562043,-117,-1288,-827
28.571841,-477,-874,-797
28.581609,-1006,-627,-479
28.591408,-168,-1336,-1202
28.601176,403,-1520,-2106
28.611176,-365,-990,-1447
28.620974,-581,-1168,-317
28.630743,-427,-1631,66
28.640541,-627,-1557,69
28.650309,-486,-1511,-67
28.660309,-340,-1599,-190
28.670108,-495,-1325,-254
28.679876,-599,-1000,-422
28.689674,-697,-886,-479
28.699442,-802,-779,-408
28.709442,-884,-618,-506
28.719241,-991,-488,-731
28.729009,-1141,-317,-975
28.738808,-1261,-79,-1270
28.748576,-1225,103,-1472
28.758576,-1302,301,-1597
28.768374,-1681,485,-1707
28.778142,-1897,555,-1702
28.787941,-2015,507,-1604
28.797709,-2472,451,-1656
28.807709,-2950,439,-1941
28.817508,-3098,399,-2398
28.827276,-2889,305,-2995
28.837074,-2520,78,-3486
28.846842,-2300,-140,-3705
28.856842,-2261,-236,-3802
28.866641,-2373,-275,-3968
28.876409,-2593,-206,-4204
28.886208,-2695,53,-4288
28.896006,-2588,446,-4139
28.906006,-2523,771,-3934
28.915774,-2513,824,-3771
28.925573,-2347,441,-3573
28.935341,-2125,-284,-3323
28.945140,-2040,-897,-3066
28.955140,-1993,-1143,-2766
28.964908,-1843,-1116,-2504
28.974706,-1734,-906,-2297
28.984505,-1731,-631,-2023
28.994273,-1686,-479,-1763
29.4273,-1618,-492,-1561
29.14071,-1604,-543,-1363
29.23839,-1636,-509,-1261
29.33638,-1709,-434,-1200
29.43406,-1779,-388,-1056
29.53406,-1807,-331,-890
29.63205,-1845,-267,-765
29.73003,-1893,-183,-690
29.82771,-1925,-43,-670
29.92570,-1925,116,-709
29.102570,-1879,174,-781
29.112338,-1832,119,-797
29.122137,-1811,66,-738
29.131905,-1815,12,-649
29.141703,-1818,-31,-593
29.151703,-1815,-33,-568
29.161471,-1797,-38,-547
29.171270,-1759,-45,-561
29.181068,-1736,-86,-547
29.190837,-1700,-195,-536
29.200837,-1645,-304,-568
29.210635,-1575,-384,-465
29.220403,-1540,-413,-436
29.230202,-1572,-392,-631
29.239970,-1624,-406,-758
29.249970,-1670,-450,-818
29.259768,-1720,-442,-888
29.269567,-1804,-411,-938
29.279335,-1861,-458,-984
29.289134,-1886,-520,-1066
29.299134,-1915,-509,-1174
29.308902,-1888,-449,-1250
29.318700,-1790,-370,-1386
29.328468,-1647,-247,-1566
29.338267,-1534,-100,-1634
29.348267,-1457,-20,-1620
29.358066,-1388,37,-1654
29.367834,-1352,119,-1727
29.377632,-1343,153,-1772
29.387400,-1334,153,-1840
29.397400,-1331,146,-1927
29.407199,-1311,103,-1991
29.416967,-1252,58,-2068
29.426765,-1174,49,-2082
29.436534,-1068,82,-1945
29.446534,-995,142,-1804
29.456332,-984,219,-1790
29.466100,-974,337,-1825
29.475899,-954,571,-1824
29.485667,-981,894,-1802
29.495667,-1025,1169,-1807
29.505465,-1036,1348,-1791
29.515233,-1016,1403,-1715
29.525032,-966,1317,-1625
29.534800,-938,1230,-1536
29.544800,-922,1228,-1449
29.554261,-883,1269,-1391
29.564425,-900,1335,-1386
29.574193,-925,1423,-1418
29.583992,-886,1508,-1368
29.593760,-879,1564,-1247
29.603760,-897,1506,-1204
29.613559,-893,1337,-1174
29.623327,-877,1176,-1109
29.633125,-863,1073,-1059
29.642893,-859,1008,-1038
29.652893,-850,1007,-1049
29.662692,-845,1090,-1099
29.672460,-856,1223,-1199
29.682259,-854,1290,-1263
29.692027,-845,1244,-1272
29.702027,-831,1194,-1320
29.711825,-822,1214,-1366
29.721593,-809,1258,-1400
29.731392,-797,1276,-1488
29.741160,-825,1235,-1590
29.751160,-856,1171,-1657
29.760959,-858,1123,-1743
29.770727,-890,1132,-1841
29.780525,-918,1239,-1915
29.790293,-897,1294,-1984
29.800293,-872,1219,-2029
29.810092,-863,1089,-1977
29.819860,-879,958,-1870
29.829659,-913,914,-1824
29.839427,-950,974,-1788
29.849427,-1013,1085,-1743
29.859225,-1054,1196,-1761
29.868993,-1000,1173,-1766
29.878792,-856,923,-1725
29.888560,-743,612,-1650
29.898560,-747,498,-1566
29.908358,-759,667,-1513
29.918127,-786,980,-1413
29.927925,-909,1221,-1245
29.937693,-1034,1381,-991
29.947693,-1102,1594,-668
29.957461,-1177,1896,-375
29.967260,-1229,2187,-118
29.977028,-1213,2364,148
29.986827,-1184,2431,319
29.996827,-1133,2408,255
30.6625,-988,2240,41
30.16393,-802,1939,-56
30.26192,-654,1694,-34
30.35960,-520,1633,-56
30.45960,-399,1637,-50
30.55728,-338,1631,-4
30.65526,-254,1630,92
30.75325,-138,1605,274
30.85093,-134,1631,394
30.95093,-268,1931,341
30.104892,-450,2512,21
30.114660,-590,3081,-559
30.124428,-645,3474,-1179
30.134226,-575,3547,-1722
30.144226,-384,3108,-2061
30.153994,-109,2376,-2036
30.163793,160,1706,-1690
30.173561,341,1217,-1275
30.183360,392,982,-1000
30.193360,357,1103,-868
30.203128,283,1551,-856
30.212926,144,2087,-991
30.222694,33,2481,-1193
30.232493,5,2687,-1320
30.242493,19,2701,-1338
30.252261,71,2513,-1272
30.262060,132,2206,-1131
30.271828,235,1894,-993
30.281626,348,1610,-841
30.291626,394,1353,-624
30.301394,387,1178,-479
30.311193,373,1144,-434
30.320961,348,1207,-350
30.330760,255,1331,-211
30.340760,149,1526,-177
30.350528,117,1671,-195
30.360326,128,1524,-40
30.370094,174,1221,37
30.379893,217,1223,-117
30.389893,207,1406,-140
30.399661,208,1458,-238
30.409460,182,1548,-497
30.419228,92,1724,-517
30.429026,32,1844,-556
30.439026,-18,1867,-693
30.448794,-124,1799,-636
30.458593,-217,1714,-674
30.468361,-256,1746,-972
30.478160,-338,1899,-1204
30.488160,-468,2064,-1304
30.497928,-577,2267,-1516
30.507726,-652,2519,-1827
30.517494,-690,2621,-1975
30.527293,-681,2505,-1884
30.537293,-608,2212,-1711
30.547061,-490,1796,-1572
30.556859,-361,1399,-1443
30.566628,-217,1087,-1352
30.576426,-125,855,-1184
30.586426,-102,719,-1020
30.596194,-31,723,-1159
30.605993,0,840,-1181
30.615761,-90,885,-890
30.625559,-124,817,-636
30.635559,-92,765,-450
30.645327,23,739,-267
30.655126,283,805,14
30.664925,233,1039,14
30.674693,-275,1533,-675
30.684693,-697,2333,-1590
30.694491,-772,3081,-2343
30.704259,-595,3290,-2777
30.714058,-297,2744,-2650
30.723826,-31,1778,-2209
30.733826,98,974,-1868
30.743625,107,546,-1684
30.753393,-22,542,-1495
30.763191,-195,821,-1416
30.772990,-254,1119,-1507
30.782990,-290,1335,-1457
30.792758,-359,1414,-1307
30.802556,-502,1521,-1290
30.812325,-802,1692,-1375
30.822123,-1170,1748,-1415
30.832123,-1357,1762,-1281
30.841891,-1261,1681,-1099
30.851690,-1159,1364,-947
30.861488,-1191,1003,-718
30.871256,-1143,894,-550
30.881256,-1075,1048,-470
30.891055,-1100,1326,-367
30.900823,-1072,1548,-245
30.910622,-995,1667,53
30.920390,-897,1890,412
30.930390,-813,2172,471
30.940188,-900,2371,246
30.949956,-1099,2531,-93
30.959755,-1184,2583,-440
30.969523,-1099,2406,-686
30.979523,-975,1996,-786
30.989322,-915,1528,-804
30.999090,-854,1224,-811
31.8888,-808,1094,-884
31.18687,-859,1096,-991
31.28687,-954,1246,-1072
31.38455,-1024,1448,-1111
31.48254,-1100,1615,-1065
31.58022,-1152,1708,-1029
31.67820,-1104,1706,-1091
31.77820,-1015,1651,-1166
31.87619,-959,1567,-1224
31.97387,-915,1467,-1272
31.107185,-895,1367,-1290
31.116953,-924,1256,-1281
31.126953,-916,1176,-1247
31.136752,-899,1189,-1179
31.146520,-995,1281,-1102
31.156319,-1102,1437,-1077
31.166087,-1083,1598,-1059
31.176087,-1081,1633,-959
31.185885,-1133,1537,-861
31.195653,-1124,1444,-847
31.205452,-1147,1428,-841
31.215220,-1225,1449,-852
31.225220,-1234,1506,-913
31.235019,-1184,1542,-959
31.244787,-1149,1492,-956
31.254585,-1166,1408,-936
31.264384,-1188,1339,-929
31.274384,-1174,1292,-938
31.284152,-1166,1269,-959
31.293951,-1161,1287,-1029
31.303719,-1152,1344,-1109
31.313517,-1179,1405,-1154
31.323517,-1243,1440,-1188
31.333285,-1304,1455,-1202
31.343084,-1334,1490,-1191
31.352852,-1352,1542,-1133
31.362620,-1322,1533,-1074
31.372620,-1277,1492,-1081
31.382419,-1241,1478,-1131
31.392187,-1147,1465,-1177
31.401985,-1093,1417,-1163
31.411753,-1115,1351,-1118
31.421753,-1149,1333,-1088
31.431552,-1227,1408,-1072
31.441320,-1291,1519,-1091
31.451119,-1306,1603,-1141
31.460887,-1307,1658,-1227
31.470887,-1306,1671,-1336
31.480685,-1281,1623,-1397
31.490453,-1220,1524,-1341
31.500252,-1158,1414,-1197
31.510020,-1108,1317,-1031
31.520020,-1106,1253,-841
31.529818,-1131,1258,-740
31.539587,-1116,1271,-845
31.549016,-1124,1319,-965
31.559181,-1111,1467,-940
31.568980,-1081,1546,-904
31.578980,-1134,1542,-956
31.588778,-1216,1537,-1009
31.598546,-1286,1521,-995
31.608315,-1322,1496,-958
31.618113,-1290,1490,-977
31.628113,-1213,1490,-1083
31.637881,-1097,1405,-1204
31.647680,-947,1264,-1274
31.657448,-806,1139,-1282
31.667246,-704,1048,-1215
31.677246,-697,1049,-1154
31.687015,-743,1085,-1191
31.696783,-750,1015,-1286
31.706581,-706,989,-1506
31.716349,-670,896,-1407
31.726349,-608,608,-1220
31.736148,-468,623,-1736
31.745916,-604,717,-1923
31.755714,-943,605,-1527
31.765483,-1083,564,-1386
31.775483,-1120,528,-1361
31.785281,-1188,594,-1366
31.795049,-1282,798,-1309
31.804817,-1457,767,-1307
31.814616,-1552,955,-1095
31.824616,-1634,1414,-681
31.834384,-2084,591,-1447
31.844182,-1747,2456,387
31.853951,-2011,2496,-343
31.863749,-3347,-4055,-8117
31.873749,-2497,-997,-5312
31.883517,-1470,5943,2601
31.893316,-1322,3487,1480
31.903084,-1156,726,-45
31.912882,-1506,-11,-922
31.922882,-1577,-458,-2398
31.932650,-1659,-154,-2261
31.942449,-1897,280,-1852
31.952217,-1975,842,-1770
31.962016,-1972,1208,-1734
31.972016,-1838,1117,-1591
31.981784,-1607,815,-1297
31.991582,-1397,664,-1115
32.1350,-1229,673,-1190
32.11149,-1091,658,-1329
32.21149,-972,585,-1359
32.30917,-849,589,-1338
32.40716,-693,603,-1359
32.50484,-624,601,-1368
32.60282,-681,676,-1286
32.70282,-645,723,-1270
32.80050,-517,648,-1479
32.89818,-547,530,-1631
32.99617,-661,482,-1643
32.109385,-674,494,-1745
32.119385,-686,480,-1859
32.129184,-720,439,-1911
32.138952,-743,391,-1902
32.148750,-786,371,-1807
32.158549,-768,426,-1724
32.168549,-740,471,-1654
32.178317,-758,512,-1643
32.188085,-791,710,-1681
32.197884,-988,976,-1563
32.207652,-983,1269,-1340
32.217652,-875,1217,-677
32.227450,-1354,685,-608
32.237218,-2098,928,-2027
32.247017,-2579,1590,-2786
32.256785,-2497,1526,-2627
32.266785,-2056,1337,-2564
32.276584,-1632,1207,-2257
32.286352,-1254,1033,-2009
32.296150,-1115,978,-1822
32.305918,-1250,1007,-1484
32.315918,-1500,1164,-1152
32.325717,-1763,1508,-879
32.335485,-1850,1915,-793
32.345284,-1752,2019,-850
32.355052,-1663,1726,-881
32.365052,-1588,1319,-936
32.374850,-1479,1062,-1106
32.384649,-1393,1007,-1254
32.394417,-1386,1042,-1256
32.404215,-1454,1153,-1225
32.414215,-1565,1333,-1161
32.423983,-1699,1480,-1020
32.433752,-1740,1496,-933
32.443550,-1584,1362,-909
32.453349,-1422,1144,-858
32.463349,-1399,1019,-709
32.473117,-1361,1049,-497
32.482915,-1240,1080,-418
32.492683,-1140,1096,-467
32.502452,-1133,1137,-511
32.512452,-1225,1185,-570
32.522250,-1343,1319,-627
32.532018,-1425,1478,-609
32.541817,-1495,1531,-556
32.551585,-1566,1528,-479
32.561585,-1588,1464,-379
32.571383,-1550,1364,-352
32.581151,-1490,1333,-384
32.590950,-1370,1271,-397
32.600718,-1174,1132,-379
32.610718,-979,1005,-268
32.620517,-834,946,-52
32.630285,-738,1014,92
32.640083,-772,1148,124
32.649851,-899,1256,182
32.659851,-983,1315,271
32.669650,-1088,1337,253
32.679418,-1284,1371,128
32.689217,-1515,1410,41
32.698985,-1554,1512,-140
32.708985,-1443,1207,-268
32.718783,-1391,1073,-597
32.728551,-1343,1867,-1056
32.738350,-1454,1887,-475
32.748118,-1674,1373,169
32.758118,-1724,1551,101
32.767886,-1506,1573,89
32.777685,-1211,1385,-25
32.787453,-1040,1271,-199
32.797251,-886,1174,-315
32.807251,-822,1187,-493
32.817019,-890,1187,-568
32.826818,-897,1076,-534
32.836586,-1009,1132,-658
32.846385,-1363,1360,-874
32.856385,-1575,1462,-906
32.866153,-1641,1615,-836
32.875951,-1797,1846,-797
32.885719,-1863,1878,-791
32.895518,-1799,1774,-768
32.905518,-1686,1637,-659
32.915286,-1495,1392,-454
32.925085,-1309,1146,-267
32.934853,-1290,1207,-320
32.944651,-1429,1348,-508
32.954651,-1638,1174,-531
32.964419,-1775,992,-483
32.974218,-1727,917,-420
32.983986,-1627,723,-149
32.993754,-1472,612,157
33.3754,-1227,690,374
33.13553,-1031,732,614
33.23321,-1095,630,801
33.33119,-1607,642,937
33.42887,-2113,921,974
33.52887,-2247,1162,1128
33.62686,-2175,1301,1135
33.72454,-1915,1248,689
33.82253,-1670,828,539
33.92021,-1432,387,446
33.102021,-1279,310,199
33.111819,-1411,535,303
33.121587,-1166,498,473
33.131386,-672,237,564
33.141154,-834,499,860
33.151154,-1240,912,1226
33.160952,-1531,917,1380
33.170721,-1913,844,1451
33.180519,-2052,908,1390
33.190287,-1866,887,1374
33.200287,-1590,849,1212
33.210055,-1372,1228,232
33.219854,-1381,1192,-236
33.229622,-1656,669,369
33.239421,-2115,796,898
33.249421,-2173,948,1090
33.259189,-1724,730,967
33.268987,-1606,699,889
33.278755,-1663,655,1014
33.288554,-1507,474,1237
33.298554,-1407,398,1378
33.308322,-1290,373,1199
33.318120,-1427,417,1090
33.327889,-2031,607,1105
33.337687,-2275,799,1026
33.347687,-1943,798,948
33.357455,-1500,599,853
33.367254,-1170,489,899
33.377022,-1341,398,1203
33.386820,-1668,319,1431
33.396820,-1732,685,1069
33.406588,-1736,764,501
33.416387,-1349,187,796
33.426155,-993,48,1458
33.435954,-1374,242,1523
33.445954,-1570,139,1274
33.455722,-1375,76,1135
33.465520,-1552,239,1255
33.475288,-1609,369,1246
33.485087,-1532,217,933
33.495087,-1832,-22,883
33.504855,-1866,-106,1105
33.514654,-1736,-254,1439
33.524422,-1838,-479,1681
33.534220,-1741,-638,1553
33.544220,-1602,-684,1512
33.553650,-1732,-695,1623
33.563815,-1856,-806,1535
33.573614,-1738,-883,1437
33.583382,-1568,-833,1449
33.593180,-1443,-808,1537
33.603180,-1357,-858,1544
33.612948,-1372,-900,1403
33.622747,-1543,-981,1437
33.632515,-1706,-1084,1614
33.642314,-1599,-1093,1440
33.652314,-1513,-997,1203
33.662082,-1484,-988,955
33.671850,-1079,-916,80
33.681648,-995,-683,-95
33.691416,-1565,-1284,1026
33.701416,-1670,-2125,1510
33.711215,-1302,-1597,1153
33.720983,-1315,-891,869
33.730782,-1549,-943,660
33.740550,-1516,-1056,623
33.750550,-1315,-1183,769
33.760348,-1163,-1299,746
33.770116,-1200,-1315,392
33.779915,-1272,-1415,30
33.789683,-1250,-1406,23
33.799683,-1341,-1229,257
33.809482,-1481,-1072,367
33.819250,-1513,-847,357
33.829048,-1370,-893,458
33.838816,-1193,-1354,532
33.848816,-1138,-1702,539
33.858615,-1002,-1995,703
33.868383,-833,-2334,765
33.878181,-891,-2288,669
33.887950,-940,-2072,833
33.897950,-863,-1963,960
33.907748,-925,-1820,748
33.917516,-997,-1915,789
33.927315,-984,-1990,1021
33.937083,-991,-1734,857
33.947083,-891,-1843,808
33.956881,-638,-2207,1151
33.966650,-338,-2090,1185
33.976448,-277,-1950,957
33.986216,-504,-1927,915
33.996216,-579,-1597,878
34.6015,-643,-1329,733
34.15783,-816,-1097,730
34.25551,-643,-779,1207
34.35349,-299,-570,1719
34.45349,-158,-524,1685
34.55118,-179,-515,1773
34.64916,-370,-452,1969
34.74684,-665,-649,1817
34.84483,-538,-897,2030
34.94483,101,-806,2340
34.104251,474,-345,2042
34.114049,337,49,1751
34.123817,148,-81,1806
34.133616,124,55,1498
34.143616,14,678,889
34.153384,-217,982,1101
34.163183,-134,1012,1678
34.172951,337,996,1662
34.182749,762,1053,1544
34.192749,457,1264,1596
34.202517,-79,1258,1569
34.212316,-29,1119,1389
34.222084,-204,1196,1103
34.231852,-633,1239,794
34.241852,-347,1335,653
34.251651,255,1589,887
34.261419,521,1753,1144
34.271217,541,1787,1187
34.281016,269,1546,1221
34.291016,-168,1315,1119
34.300784,-292,1481,812
34.310552,-72,1710,657
34.320351,87,1755,737
34.330119,205,1840,860
34.340119,371,1953,960
34.349917,280,1889,973
34.359685,117,1860,869
34.369484,153,1972,737
34.379252,151,2014,626
34.389252,130,2022,558
34.399051,164,2049,507
34.408819,101,1980,487
34.418617,69,1894,603
34.428385,130,1890,698
34.438385,151,1937,617
34.448184,101,1930,549
34.457952,24,1847,533
34.467751,51,1896,421
34.477519,99,1967,337
34.487519,210,1987,371
34.497317,232,2001,430
34.507085,233,1958,592
34.516884,637,2221,355
34.526652,287,2280,-158
34.536652,-495,1955,71
34.546451,291,1930,341
34.556219,1383,2153,332
34.566017,687,2260,362
34.575785,-327,1780,37
34.585785,308,1824,17
34.595584,855,2314,391
34.605352,283,1956,337
34.615150,149,1806,121
34.624919,287,1955,183
34.634919,208,1856,271
34.644717,203,1881,191
34.654485,214,1944,151
34.664284,251,1997,182
34.674052,180,1910,119
34.684052,87,1756,101
34.693820,-54,1683,114
34.703619,-163,1701,64
34.713387,37,1864,55
34.722847,485,2137,85
34.733012,689,2433,166
34.743012,224,2092,107
34.752442,64,1855,19
34.762299,7,1964,55
34.772126,141,2147,-63
34.781952,249,2508,-242
34.791779,-997,1762,-447
34.801606,-1199,1396,-666
34.811432,610,2612,-331
34.821259,276,2780,274
34.831086,-1104,1392,-152
34.840912,1260,2310,-470
34.850739,1776,3521,435
34.860596,-409,1908,558
34.870423,-25,1464,-143
34.880249,223,2165,-113
34.890076,-40,2056,289
34.899903,194,1872,142
; 34.899 stopping logging: USB connected
